"target","NS1","NS2","NS3","NS4","NS5","NS6","NS7","NS8","NS9","NS10","NS11","NS12","NS13","NS14","NS15","NS16","NS17","NS18","NS19","NS20","NS21","NS22","NS23","NS24","NS25","NS26","NS27","NS28","NS29","NS30","NS31","NS32","NS33","NNS1","NNS2","NNS3","NNS4","NNS5","NNS6","NNS7","NNS8","NNS9","NNS10","NNS11","NNS12","NNS13","NNS14","NNS15","NNS16","NNS17","NNS18","NNS19","NNS20","NNS21","NNS22","NNS23","NNS24","NNS25","NNS26","NNS27","NNS28","NNS29","NNS30","NNS31","NNS32","NNS33","NNS34","NNS35","NNS36"
0.216,0.3659,-0.4817,-0.6853,2.0103,0.2372,0.4865,-0.3795,0.3446,1.3112,0.0135,1.3474,1.1307,0.8331,-1.3279,-0.2323,-0.0777,-0.7169,1.0512,-1.3673,-0.1427,-0.7775,0.2181,-0.3088,-1.4453,0.0288,-0.7309,-0.1947,2.391,-1.4871,0.494,0.6404,0.6546,0.3467,-0.413,-0.1558,1.985,0.6998,-1.296,1.1338,-1.6044,0.3979,1.6302,0.4641,0.3853,1.6485,0.9284,1.379,0.965,-1.2862,-0.5366,1.2033,-1.7291,1.3553,0.1682,-0.2163,-0.4286,-0.5995,-0.0481,-0.0054,-1.974,0.9747,-0.8457,-1.0395,-1.4413,1.4645,-0.3009,0.5886,1.204,1.6282
-1.0785,0.4669,0.4174,0.3548,0.1754,0.0047,1.1303,1.0769,-0.5609,0.6841,0.4612,-0.5274,-1.1804,0.2677,1.039,0.9996,-1.7528,0.5796,-2.4117,1.0265,-0.6347,-0.1644,-1.9094,0.0442,-0.9229,0.8741,-1.6988,-1.0652,-0.3207,-0.4654,-0.0545,1.5907,-0.66,-1.5489,1.1189,0.1703,-0.2749,-0.0206,-0.4464,-1.1781,-1.1908,-0.7298,-0.7831,-0.6086,-1.851,-0.834,0.4626,0.7283,-0.0405,0.8212,-0.6957,-0.0675,0.4373,-0.6016,0.2678,-0.9476,-0.7471,1.1745,-0.9646,1.0251,-1.1755,-0.235,-0.4314,-0.0569,0.6201,2.2328,0.9457,0.3853,-0.4667,-0.8399
-0.2138,-0.6027,-0.3594,-0.8242,1.5343,0.9954,-0.8805,-0.2389,0.6378,-0.4592,0.0874,0.7244,0.6546,-1.0948,-0.1808,-0.7206,-0.0356,-0.2119,0.6882,0.776,-0.922,-0.0962,0.9023,-0.4472,1.2242,1.0824,0.367,-0.3975,1.0984,-0.0532,9e-04,-0.1287,0.3759,-0.2562,1.3509,-1.2083,-0.399,-0.0422,0.2194,1.4081,-2.9891,0.5414,0.9231,0.7595,0.5555,-0.2496,-0.8785,-1.2517,-0.1327,-0.8846,0.3463,0.9314,1.3263,0.3961,-0.5074,-2.8291,-2.0741,1.0084,-0.1248,0.7487,1.246,0.589,-1.0878,-0.5375,-0.0363,0.8867,0.2485,-3.2482,-0.153,0.8219
-0.1796,0.8309,2.6115,-0.7452,-1.3858,1.1693,-0.3124,0.2746,-0.8177,-0.2474,0.4718,0.2895,-0.7215,0.0807,-0.8915,-0.604,-1.4931,-0.5023,0.175,-0.1066,-0.1845,1.2463,-1.7507,1.5948,-0.4588,-0.7198,0.5301,0.6514,-0.6459,-0.2934,0.7703,0.5484,-2.3891,0.7414,0.1435,-0.1516,-0.3005,0.7443,-1.4308,-1.7068,-0.9437,-0.6088,-0.5665,0.1751,0.5544,1.5172,-0.8116,0.081,-0.6002,-0.4866,-2.019,-0.6914,-0.8823,-0.0932,0.1236,-0.9202,0.6861,-0.8455,-0.5833,0.3168,-0.1279,-0.8356,0.0573,0.0969,-1.258,0.9792,1.909,0.4788,0.2727,0.1538
-0.4824,0.2358,-0.0466,-1.5747,0.3275,-0.5052,1.8349,-1.5097,-0.2726,0.5082,0.6076,0.2982,-0.6345,0.5269,-0.121,-0.4167,-0.358,-0.0209,0.424,-0.8011,0.607,-1.3375,-1.08,-1.3797,0.0587,-1.1572,2.5298,-0.9349,2.3602,0.3154,0.642,0.2243,0.9954,-2.3758,1.8127,0.0288,-1.784,-1.1434,-0.6546,0.3563,-0.1076,-0.4011,-0.5922,-1.062,1.8268,-0.4864,-0.1647,-0.7388,1.6179,0.7526,0.1626,0.5217,-1.1221,-1.4751,0.4143,1.219,-0.9318,0.9532,-3.2798,0.6209,-0.8583,-0.3453,0.7752,0.1247,1.0942,1.0655,1.0322,1.5112,0.1594,-0.6173
-0.3503,-1.1154,0.3806,1.063,1.8005,-1.8302,0.8661,1.0294,0.9554,-0.7544,0.1826,-0.5668,2.3666,0.4164,-0.1837,0.5558,-0.8051,-1.0432,-0.6177,-1.0509,-0.375,-1.484,-1.6006,-0.4094,-0.2268,1.4288,1.3949,0.0604,0.6423,1.6547,0.5414,1.1434,0.5309,0.8656,0.8897,2.6534,-0.733,-1.0059,0.6189,-1.3777,-0.7469,0.3266,-2.1615,-0.2066,-0.1538,-1.1438,-0.9183,-1.0815,-0.1093,0.3154,2.4836,-0.2381,-0.9622,-0.8742,-0.641,0.2563,-0.5785,1.3219,0.4524,-1.0749,1.5487,0.131,0.711,-0.5776,-1.4744,-0.2679,0.4541,2.4827,0.0397,-0.2512
0.0283,0.3456,-2.3282,-1.0095,-0.568,1.0541,-0.1175,0.6915,0.0788,-0.6484,-0.5498,-1.1166,0.6367,0.6519,-0.0316,0.286,-1.8726,-2.0752,1.4792,-0.7235,0.7122,0.7098,-0.631,-0.5461,0.3126,0.5541,-0.915,0.4106,1.4458,-0.7815,0.9632,-0.8891,1.9027,0.3756,-0.9484,-0.7166,-0.5961,-1.6753,2.7729,0.2796,-1.6662,-0.9398,0.0617,0.4967,1.1996,0.0787,-1.0778,0.2916,0.6278,-0.5397,-0.1233,-0.9968,-0.1879,0.2962,0.2814,-0.4752,1.6748,0.1777,-0.4381,1.0772,1.1693,-0.5629,-0.8285,0.2746,0.4577,2.2453,0.6112,-0.8192,0.9615,-1.8868
-0.4019,0.7075,1.2194,2.189,-0.7244,-0.9427,-1.6553,-0.8033,-1.5512,1.6625,-1.0983,-0.2535,-0.1002,0.4203,0.132,-0.6136,-0.4613,0.0487,1.4679,-0.4743,-0.3334,2.1654,0.7362,0.4819,0.4252,0.1739,-1.1568,0.6926,-0.2331,0.1887,0.5588,0.6629,0.3196,0.5172,2.2242,-1.9099,0.5584,-0.0371,0.0663,1.2493,-0.708,-0.6369,-0.2361,-0.2431,0.5985,-0.5214,-0.861,1.1401,-1.4923,3.6838,-0.4156,1.6552,-0.9584,1.2894,-0.6939,-0.2269,-1.6263,1.3074,-0.5018,0.8516,-0.3458,1.8285,0.1274,-1.5655,0.4179,1.4518,-0.3341,-3.3971,0.582,-0.3387
1.42,2.2189,-1.2376,0.3216,-0.0351,-1.2624,0.0946,-0.5993,1.5511,-0.4271,1.8092,0.9058,-0.9148,-0.0874,0.92,1.1489,0.4831,0.1718,0.472,-0.5027,-1.3473,-0.0874,-0.2123,0.6724,-0.6141,-0.0724,1.1122,0.6828,1.9462,-0.2305,-1.011,-0.7833,0.0151,1.738,-0.5017,0.444,-0.9588,0.5544,0.5121,1.1955,1.4824,-0.1687,0.0754,-1.4,1.0095,1.1801,-0.4889,0.4322,0.2429,1.8103,-0.5618,1.892,0.6622,0.6766,-0.3669,0.5971,-2.4637,0.182,-0.58,-0.4039,-0.4753,-0.8644,1.2325,2.2527,-0.523,1.5281,0.9605,1.7253,0.5855,1.3462
-1.7835,-0.3729,0.1959,-2.5331,0.8732,0.3969,-0.8358,-2.5234,-0.9142,-1.5017,-0.0704,0.8438,-0.6364,-0.1193,0.8092,-2.4999,1.5347,-0.7651,-0.5109,-1.1385,0.1326,-0.3249,0.6241,-1.8086,0.2989,-0.7898,-0.8149,-0.3752,0.4227,-0.5896,1.7812,-0.4884,-0.0386,0.3299,0.6823,0.1741,0.2179,-1.0098,-2.2554,-1.2296,0.4684,-0.758,-0.5848,0.7246,2.1654,-1.0608,-1.783,-1.2294,0.1017,-0.0861,0.2539,-0.5602,2.1221,0.5894,-0.8489,0.7352,-0.401,0.2543,0.7294,-1.8217,0.7073,-0.5157,-1.6228,-0.3064,0.2293,0.7778,1.0879,-0.6988,0.6372,-0.8241
-0.448,-0.2364,-0.9855,2.1776,0.0012,1.0373,0.5453,2.2892,1.401,0.0786,1.8484,0.3899,-0.2938,0.1777,-0.7709,0.4211,-1.3506,1.0012,-0.5136,-0.6526,-0.3218,0.8997,-0.6924,-0.8032,-0.3067,-1.0028,-1.0445,0.1076,0.9977,0.8121,-0.0332,-0.4249,-0.8817,1.136,-0.7323,-0.8652,-1.0379,-1.562,-0.3638,-0.1057,-0.1968,-1.1268,-2.0582,-0.2294,0.2855,-0.9734,-0.5618,0.9532,0.7243,0.2423,-0.1695,0.385,0.1873,0.0321,0.1635,0.2391,0.3197,-0.8499,1.547,0.4517,-0.504,0.2027,1.1772,1.082,1.6655,-0.3179,2.5605,-1.3849,0.5403,-0.1281
-0.7464,-0.4248,1.1119,0.302,-0.2758,0.096,0.6524,-0.192,-0.1373,0.513,0.6479,-0.549,-0.5504,1.3689,0.1135,0.6901,1.0371,-0.0651,0.0995,0.8021,1.6156,-2.0757,0.1881,0.7719,-0.4511,-0.4506,-0.3196,-0.6109,0.0026,-1.3659,-1.0562,-0.2015,-0.5603,1.5677,-1.0827,-0.0841,0.0338,-1.898,-0.3449,0.3057,0.3797,-0.1317,-0.2006,1.1305,-0.7218,0.4673,-1.3392,-1.1373,0.8527,1.0153,1.596,-1.3587,0.439,0.1707,-0.1428,0.6513,0.0839,1.1474,1.1355,-0.6743,0.6817,-0.6072,-1.5309,1.1401,0.6284,-0.3488,0.6451,0.6205,-0.2552,0.5475
0.57,0.0649,0.982,-0.2199,-1.0215,-0.1057,0.9905,-0.2134,-1.3772,0.8326,1.6532,-0.941,-1.2075,-2.0422,2.4124,-2.2715,-0.6544,0.2095,-2.1779,-0.4216,-0.851,-0.801,0.0173,1.7608,-1.3363,-0.1375,-1.9015,-0.3315,0.4902,0.0698,0.8391,0.2565,-0.6277,1.7233,-0.1595,-0.4246,-1.1906,-0.4685,0.3319,-1.7355,1.1788,-1.6025,-0.555,-1.287,-0.6367,1.8043,-1.5956,0.3811,1.1928,-0.9418,0.6106,-0.3799,-0.954,1.0808,1.1052,-0.2665,0.6734,-0.2832,0.5475,-0.8496,0.4968,-0.1622,1.2373,-0.3581,0.3793,2.0676,1.6025,-0.0438,1.6331,1.0043
-0.0231,0.2694,-0.2135,1.6013,-1.3751,-0.7462,-0.2852,-0.7876,0.5998,-0.6,1.3937,0.6223,0.8425,0.4355,-0.6177,1.0038,-1.1838,-0.2907,-1.5018,-0.4566,-0.1806,-0.9111,1.4325,0.6101,-0.1369,0.0582,-0.6172,-1.4092,0.5537,1.37,-0.8021,-0.717,0.1617,0.4463,1.3096,-0.1274,0.1227,-0.1508,1.2575,1.3007,-0.7745,1.1336,-1.7867,1.5417,-0.4041,2.2168,-0.7497,-0.0508,0.3704,0.1815,-0.2018,-0.1193,-0.7352,0.91,1.2462,2.1886,-1.7164,-0.8187,-2.2489,-0.1887,-0.3825,-0.5896,-1.211,0.7378,0.6812,-0.8037,0.2897,-0.2588,0.9774,-0.5594
1.8378,0.3572,0.953,-1.4156,-0.8811,0.7922,1.3444,0.5188,0.7313,-1.6568,0.5721,0.9712,0.859,-0.4533,0.2964,-0.2559,-1.7413,0.6006,1.7294,-1.1358,0.5957,-1.6915,0.675,0.4134,-2.398,-0.4097,1.5381,0.5442,-0.2183,1.1378,0.7479,-1.1306,0.587,-0.183,0.8751,-0.7888,-0.9512,-0.4127,2.6729,-0.0506,-0.1694,0.3939,1.2469,-1.5298,-0.4719,0.8043,-0.9204,-1.7779,0.6306,0.5716,-0.6874,-0.0426,0.906,-1.1369,-0.1021,-0.7668,0.9412,-0.5701,-1.2214,-0.8247,0.4408,0.4764,0.8405,1.5805,0.4254,1.6885,0.2424,-1.6446,2.4088,0.3274
0.8988,0.843,1.4731,-2.0896,0.1913,0.9066,1.0534,-0.5097,1.8403,0.1732,-0.6404,-0.0627,-0.9845,0.4512,0.5422,-1.2365,-0.1699,0.9288,-1.3212,0.1828,0.5694,-0.7801,-0.3583,0.6279,0.208,0.7035,0.9418,-1.1725,1.6136,-0.8176,-0.3319,0.3229,-1.5908,1.3444,0.6571,0.459,-0.5559,0.9228,0.1095,1.5396,3.4268,0.0192,-0.7633,-1.3498,1.3777,0.5465,0.793,0.0493,-0.5683,-1.0384,1.2487,-0.1771,0.3931,-1.1828,-1.1404,-0.7173,0.3717,-1.0877,0.0765,-0.8762,0.9013,0.7031,1.8834,0.5032,-0.3718,1.2276,-0.3871,-0.8323,0.0799,0.1788
0.1798,1.3409,1.0052,1.3555,0.6584,1.294,0.5364,1.399,0.3296,0.8975,-0.2085,1.2128,0.8958,-0.0152,-0.9865,0.89,0.4292,0.4207,0.513,0.4892,0.5852,0.5741,-1.3698,-0.3089,1.56,1.1707,-1.305,0.331,0.1843,0.003,0.169,-0.5125,0.2111,0.3249,-0.1433,-1.3086,0.4239,1.1408,-1.2144,1.2142,-2.0482,-0.1104,0.5894,0.2098,-2.0588,-1.5353,1.621,-0.649,-0.1935,2.4408,0.251,0.3636,-0.161,1.3641,0.4546,0.9108,-0.9629,-1.7509,0.7176,1.2995,-0.3038,-0.3318,1.4924,0.3436,-0.1525,-1.6707,-0.2579,-0.9283,0.4741,-0.9014
0.4478,-1.0448,2.197,0.8126,-0.3742,1.209,0.6954,0.2055,-0.1463,1.095,-0.0987,0.2113,-0.1225,1.1488,0.349,-0.8687,0.1569,0.7048,1.0488,-0.5094,-0.7797,1.1195,1.7543,-0.3788,-0.2755,0.6805,-2.4483,0.8022,-0.259,0.5134,-2.1439,-1.3642,-0.7226,0.032,-0.5674,0.2442,-2.4036,-0.3462,-0.4061,0.1004,-1.3998,-0.1607,0.1974,-0.6609,-1.4137,0.6884,1.7757,1.0691,-1.9615,-0.4678,-0.4588,0.6378,1.6708,1.3765,-1.2538,-0.7476,0.5915,0.1071,-1.2302,-1.7504,-0.9437,0.199,1.1739,-1.119,-0.4391,0.4279,-1.91,-0.038,-2.5203,0.2509
1.9854,0.4738,-0.4885,-0.0776,-0.8668,-1.441,1.206,-0.2554,-0.8184,0.5077,-0.621,0.5874,1.2933,-0.9695,1.0097,0.1805,0.2293,-0.7471,-0.3107,1.1969,1.0419,0.325,-0.068,-2.1171,0.682,-1.5582,-0.4509,-0.6719,-1.1571,0.9609,0.4628,0.5572,0.8048,0.3647,0.042,0.8279,-0.3859,0.2982,1.0857,0.2378,0.1273,1.5514,-1.9085,-0.6554,0.7281,-0.2407,0.3164,-0.1713,-0.4505,-0.3722,-0.1577,0.0121,0.5415,-0.094,1.468,0.5275,-0.6296,-1.173,-0.8335,-0.9199,-0.2198,0.8038,0.0053,-1.4918,-0.2737,-0.2786,1.2119,1.548,1.5117,-0.6727
-0.9265,1.3327,0.1623,1.058,-1.0535,-0.143,-1.6433,1.8726,-0.6812,0.7814,-0.448,-1.0876,1.2443,0.405,0.6476,0.1606,0.8939,-0.407,0.1277,1.0163,-0.9333,0.1685,-1.5412,-0.0953,-0.1614,-1.0631,-1.5232,-0.8695,0.0049,1.1755,-0.318,0.8295,1.2863,0.4278,-0.1943,-0.169,-1.4025,1.0172,-0.1623,-0.5773,0.2319,-1.6338,0.314,0.5023,1.2992,-0.5688,-1.8197,0.1935,-1.4913,-1.3129,-0.5418,-0.7672,0.5877,-0.8862,-0.5836,0.0781,0.2049,0.098,-1.1579,0.1205,0.2363,0.7042,0.8141,0.2561,0.8643,0.3827,-1.2346,0.1725,1.2674,-0.1624
0.5869,0.0254,-0.889,-1.5704,-0.7082,1.3306,-0.4571,-1.4847,-0.2221,-0.6249,-0.586,0.7024,-1.7129,-0.3031,0.6625,-0.0174,1.0177,-0.0015,1.009,-0.199,-1.4488,1.3666,-0.0715,1.0308,0.0975,0.5396,0.7125,0.1968,1.5529,0.1163,-0.5672,-0.1233,-0.3695,0.4593,0.3536,-0.3947,0.901,0.658,-3.1776,-0.9327,-0.1624,0.9622,0.2188,-0.217,-0.5394,0.7082,-1.1383,0.2536,-0.3268,0.2841,0.1304,0.2153,-0.5839,-1.3654,-1.4326,0.6498,0.269,-0.5189,0.2628,-0.0192,-0.7013,0.2457,-0.516,-0.5283,0.9016,-1.2436,-0.5656,2.6589,0.7358,0.2998
0.7349,-0.1474,1.3491,-0.7528,0.4634,-1.1163,0.8033,1.7816,1.4491,-0.1876,-0.0619,1.406,-1.6717,0.1828,-0.8524,-0.032,-0.6148,-1.0242,0.6938,-0.332,0.2373,1.337,0.6062,0.2952,-0.6187,0.2908,-0.8707,1.3538,0.7324,0.1736,-2.2375,1.0483,0.0484,0.5896,0.6247,0.1931,0.8443,-0.4982,0.4914,-1.8052,0.3787,0.0937,-0.2641,-0.7677,-0.0496,0.0554,-1.5497,0.5986,0.7526,0.4051,-0.5295,0.2067,-0.2646,-0.0808,-0.7867,0.3911,1.0506,-0.0662,0.5949,1.7941,1.8356,-0.4463,-1.1295,-1.4704,-0.2893,-0.5154,1.3639,1.7796,-0.6175,1.8271
-0.0023,-0.7778,-0.0921,0.1336,0.5082,-0.0932,-2.5737,0.4465,0.8553,0.3862,-0.3371,-1.2563,-1.2006,-0.5549,0.3572,-0.8208,0.5208,1.731,-1.3558,-1.2174,0.3948,0.5417,-0.6862,-1.1614,2.4388,1.802,0.0409,-0.2698,1.917,-0.8606,3.6524,0.5917,-1.4135,1.2658,1.1822,0.2088,0.5925,0.1188,-0.0011,1.553,-0.2277,0.8666,0.5471,0.9009,0.9579,-1.4677,1.181,1.1453,-0.0125,-0.128,2.6947,0.2194,-1.9717,0.2626,-2.1237,0.931,1.1596,-0.1546,0.602,0.5935,-0.1421,0.0754,1.3545,-0.2848,-0.0251,1.0845,-0.8688,1.6413,-1.3567,-1.23
-0.3625,-0.0056,0.003,2.1007,0.2956,0.251,-0.6438,0.0526,-0.2388,-1.0485,0.4015,-0.4154,1.1225,0.314,1.7143,-0.0759,-0.4004,0.8462,2.6085,-0.3002,-0.4448,-1.3877,0.5254,0.1423,1.1197,0.6672,-0.177,0.158,-0.1189,-1.0416,-0.3797,-2.6481,0.4975,-0.0017,0.8295,-0.4655,0.1036,1.5182,-0.1847,0.6426,0.0054,-0.5318,0.8222,-0.1804,0.8555,1.7309,0.6909,-0.1999,-0.6053,0.6328,0.3839,-0.0786,-0.0523,0.5923,0.4266,-0.9722,0.1962,1.056,-0.2305,0.222,1.7892,0.2241,0.3726,-0.1874,-0.029,-0.0053,0.1426,0.357,-0.2553,-0.4372
0.3499,-1.3102,1.126,0.1299,0.8485,-0.6899,-1.1161,-0.0151,0.1382,0.8923,0.0013,0.1549,-0.1008,0.4834,-0.6977,-0.7907,0.1458,-0.2618,0.0929,0.427,0.8865,0.9532,-0.874,-0.2251,1.2609,0.6866,-0.033,1.3791,-0.7853,-0.1236,-1.8338,-0.38,1.6678,0.2286,-1.6072,-0.2087,-1.8599,-0.03,0.3039,-0.7918,0.883,-2.353,-0.0781,0.7646,0.534,1.6433,0.0372,-0.6517,0.8157,-0.2791,-0.0715,0.0332,-0.0723,0.6164,-1.0993,0.6398,-0.7407,-0.093,0.7792,0.0665,0.2084,-1.0093,0.9674,0.5501,0.3062,-0.3628,0.4459,0.0369,1.4634,0.6007
-1.263,-2.4667,-0.8598,0.6616,0.3241,-0.0567,-3.2255,-1.3928,1.0876,-0.4215,0.4062,-2.1867,-0.0824,-0.3729,1.158,0.2824,0.7286,0.7154,-0.317,-0.5157,-0.2599,-1.3809,0.1135,1.5381,-0.6886,-1.2088,-1.7668,-0.2642,0.3653,0.2963,0.024,1.074,-0.0865,0.3485,0.4705,0.3778,0.141,0.4789,0.8612,0.4529,0.4607,0.8875,1.5596,1.9189,0.8422,0.3049,0.0406,-1.5969,-0.2311,0.0254,-1.323,-1.527,-0.0195,0.4894,1.4769,-0.3823,-0.9491,1.0934,-1.4949,-0.3292,-0.1888,-0.9982,1.3219,0.431,0.1706,-2.0363,-1.2223,-0.9788,-0.3244,-1.779
-0.6067,-0.5985,-0.9225,-1.1609,1.8424,-0.4884,0.2693,-0.9061,0.8767,-2.0601,-0.9522,-0.7038,0.6094,0.3956,0.6185,-0.4816,-0.1689,0.9083,2.514,0.9166,1.8684,-1.2968,0.2001,-0.2318,-0.188,0.7877,-1.1606,-0.7326,-1.0439,-1.1982,1.4694,0.6835,0.3766,0.7559,0.21,0.075,0.5194,-1.2503,-0.54,-0.1533,-0.6786,-0.3376,0.8966,0.6278,0.8454,-0.127,0.9757,-0.6834,1.2477,-1.0615,1.9311,0.8142,0.0715,-0.2013,0.6162,-0.7004,-0.7736,0.1817,1.6479,-2.5844,0.5464,1.2188,-1.7818,-0.49,0.6709,-0.2564,1.4071,-0.231,-0.798,-0.9938
-0.6543,-0.0976,-0.4657,-1.0336,0.7858,-0.6369,0.795,-0.118,-0.6865,0.9202,0.5943,0.5969,-1.1623,0.2537,-0.9914,0.9665,-0.4869,1.522,-0.0176,-0.7989,-0.9012,0.8474,0.0731,-1.0357,0.1282,3.0014,0.0962,-0.9092,-0.656,-2.201,-1.6586,-0.2307,-0.4843,-0.2034,0.7965,-0.0945,-0.9177,0.3813,0.8981,0.4058,-0.4956,-0.1846,0.0601,0.4243,1.2482,0.8253,-0.4044,-1.0049,-1.7588,-0.7987,-0.6227,-0.0847,0.7789,-1.0216,-0.0119,-0.883,-1.1901,-0.4628,-0.477,0.4128,-0.5141,0.4174,-1.5679,1.1846,-0.2768,1.2744,0.4556,-1.9286,-0.0813,-1.5425
1.8474,-0.0627,1.2527,0.9805,0.794,0.115,1.0036,-0.8167,-1.0545,-0.2955,-1.014,-0.966,-1.7358,-1.3382,-0.6643,-0.4143,-0.5363,-1.8152,-2.1545,-0.6344,-0.9054,-0.3264,-1.2758,-1.1047,0.9766,-0.4559,1.3061,-0.2817,-0.0725,1.3624,-0.2708,0.8109,-1.0029,-0.187,1.1513,-0.1575,-1.085,0.7425,0.3422,1.7338,-0.574,0.2111,1.327,0.5444,-0.125,-0.3055,0.7261,0.4098,-0.7018,-0.4743,-0.6585,-1.1831,-0.7075,-1.9314,0.257,-1.5498,1.333,0.2766,-0.8961,0.2004,0.4142,-0.1611,-1.724,-1.1922,1.3079,0.9488,-0.7911,-0.6262,0.649,-0.1065
0.0778,-0.4582,0.3013,-0.1706,0.4808,0.3633,0.7932,-1.3846,0.2762,1.0824,0.325,0.0845,1.3765,-0.1055,0.4859,1.6202,0.9393,-0.0719,-1.0404,1.0852,0.3918,-0.226,-0.5274,-1.7571,-0.254,-0.4839,-2.3427,2.0435,-0.9533,0.5184,0.8386,0.1841,-0.637,-0.2783,0.3725,0.6066,0.6504,0.8864,0.5824,-2.2761,0.8763,0.7597,1.2096,0.3343,0.3995,1.5144,0.3576,1.2899,-0.553,1.3792,1.1901,0.6752,-1.4917,-1.6696,0.3784,-0.3618,-2.5215,-0.5553,-0.4624,-0.2177,-0.954,-2.0425,-1.4202,0.4044,-0.0206,0.4499,0.3383,-1.8004,0.6861,-0.173
-1.805,-2.4404,-0.6968,0.3411,-0.5208,0.6483,-0.7151,0.0654,1.3065,-0.7915,-2.2292,-3.1382,0.1586,-1.1613,-0.0783,-0.2338,-0.4864,0.4116,0.7319,-1.3143,0.7971,0.1326,-1.1552,-0.4419,-0.0603,0.3465,-0.3269,1.0275,1.3112,-1.2041,-1.3047,-0.9158,0.2146,-0.6117,2.3304,-1.3789,1.2183,-1.1569,0.3,0.2013,1.5958,0.2333,-0.3253,-0.5225,1.3546,1.2223,-0.6074,-0.7943,-0.9984,0.2806,0.3755,-1.8161,-0.8465,-0.7842,-0.423,-1.1287,-0.414,0.0638,0.325,-0.4573,-0.9783,-1.3942,-1.1687,0.2676,-0.9681,1.4214,-1.6597,-0.6443,0.6659,0.2941
0.7271,-1.1708,-0.6676,0.3355,0.0137,1.3925,0.4838,1.8425,-0.9338,-0.3065,0.362,0.3095,1.307,-0.453,0.5158,-1.5809,-1.5897,-1.3944,-1.0239,0.7728,-0.2283,-0.6697,0.8301,-0.1898,-0.8452,-0.2047,-0.0582,1.3088,-1.0564,-0.5175,-0.4347,0.7323,0.1084,-2.6441,-1.2789,0.0682,-0.6729,0.0918,1.4068,0.6801,0.7474,0.9688,-0.5836,-0.8401,0.4146,-0.0798,0.0307,0.5143,-0.5328,1.2798,0.0244,1.1395,0.1994,-0.3048,0.3318,1.2898,1.6002,-0.8456,-0.0757,-0.9727,0.208,0.7647,-0.2482,-0.0555,-0.0194,-0.1318,-1.1667,-2.0701,-1.1029,0.9447
0.897,0.4171,-2.9631,-0.1034,1.4714,-0.4581,1.0255,-1.5981,0.1673,0.1098,-0.3716,0.3755,-0.25,0.3228,-0.1261,-0.2803,-1.0305,-0.1453,1.3093,-0.0334,-0.2456,-0.3095,-1.4015,-1.3996,-1.2089,1.4357,0.1466,0.6358,0.4852,-0.8115,0.123,-1.0677,0.7203,-0.0984,0.5425,1.2592,-1.2557,0.4421,0.5318,0.3983,-0.2056,-0.6216,1.8831,-0.4215,0.545,1.2916,-0.6333,-0.6483,-0.3016,-1.434,0.8899,-0.7816,0.701,0.0089,0.3771,-0.9161,-0.2748,1.5626,0.2067,-0.2516,-0.5812,-0.9285,1.1092,-0.8344,0.1125,-0.6303,-0.7143,0.3613,1.1542,1.2947
1.4473,0.4744,-0.4083,2.1537,-0.3835,-0.5049,-0.8118,-1.8064,-0.5706,-0.035,-0.7794,0.2406,1.3682,-0.1474,-1.4428,1.8874,0.4918,0.4308,0.3185,1.3856,-1.426,1.0884,1.1271,0.5333,0.0524,0.0787,0.7956,0.0859,1.0259,0.3621,0.3368,-0.8014,-1.5124,-0.1081,-1.9729,-2.2841,-0.2078,0.7001,1.4843,0.9525,1.7642,1.2243,-0.3611,0.6786,0.2672,-0.5562,1.196,1.7272,0.9778,0.2744,-0.4257,0.8928,0.4862,-1.1852,1.4016,0.9065,-0.9616,0.4148,0.0172,-1.7209,0.2499,1.2548,0.4066,1.2261,-0.1816,0.6264,0.3579,-0.2073,1.0469,0.7172
-0.002,1.3428,0.1411,1.687,-0.1496,0.3436,-0.5557,-0.6285,-1.9249,0.5429,-0.5982,0.7491,-2.592,0.2794,1.3988,-0.8441,-2.2644,0.0013,-1.2186,1.0979,1.0837,1.1189,-1.1568,0.8654,-1.8692,-0.0772,1.671,1.2591,-1.2757,-0.528,-1.2776,-0.4332,1.0341,2.2514,-0.6863,0.3467,1.8305,1.6373,-0.778,0.3066,-0.7007,0.6694,0.189,-0.0566,0.77,0.1171,-2e-04,-0.7777,-1.114,1.2512,-0.4223,-0.5621,0.1608,0.9452,0.5034,1.2301,-0.8726,-2.7206,0.3511,-2.3883,-0.385,0.0955,-0.1892,-0.2822,0.4406,0.6427,0.308,-0.3697,-0.7939,0.2687
-0.714,0.0438,0.5092,0.5081,-0.6239,-0.3417,-0.1295,-0.1219,0.4267,0.6135,1.4515,1.2089,-0.2205,0.4662,0.6752,-0.6961,-0.4833,0.4438,-0.08,-0.0813,0.2662,1.047,-0.906,0.3668,-0.7968,0.7415,-0.15,-1.0265,0.7074,1.1032,-1.2051,-0.3246,-0.1591,-0.677,0.4753,1.2059,-0.008,-0.8105,0.7917,-0.3855,-0.6822,0.1655,-0.1039,-0.954,1.0132,-0.5804,-0.1007,0.9867,-1.3108,-0.0374,0.8777,-0.4652,-0.2507,0.829,1.6324,0.8523,-0.1883,-1.0131,-0.6478,-1.1211,-0.0029,-0.3695,0.6745,2.1555,-1.4803,-0.0487,0.7805,-0.2169,0.7573,-1.4532
3.1647,-3.4976,-0.0232,-0.5922,-0.1945,0.0666,-0.3883,-0.1916,-1.0156,1.2757,-0.2241,0.3086,1.1611,1.6256,1.4293,0.3834,-0.0846,0.6945,-0.0112,-0.3064,0.6928,-2.3389,-0.4497,-0.2079,1.2374,-0.7484,1.1903,0.2803,-0.0121,0.8342,0.8759,0.0155,-1.8166,-0.2573,-0.0913,-0.5146,0.1805,-0.4468,0.5139,0.1125,-1.7786,0.0762,1.9982,-0.4378,-0.1892,1.5711,-0.6772,-0.2463,-0.1914,-0.0029,-0.6823,-0.0911,0.4938,0.175,-0.6818,-0.1366,-2.0336,-1.0874,1.6296,-0.8046,1.3393,0.2429,-1.3041,0.9285,0.0125,-1.279,0.9389,-1.9865,0.2,-0.5058
0.3956,0.444,-1.8177,0.0653,1.0237,-1.3963,-0.4882,0.5141,-0.1182,-0.7113,1.7759,0.0708,-0.0772,0.1846,-1.1094,0.2686,-0.8406,-0.6106,-0.2281,-0.8217,1.2603,-0.6676,0.4908,0.6789,-0.816,-0.4935,-1.0076,0.6825,-0.9168,0.6966,0.5877,1.0973,-0.7858,-0.7395,1.4032,0.111,-1.6626,1.031,0.8871,0.2093,0.5105,-0.6477,0.1866,-1.6153,-0.2849,-0.3331,0.6677,0.7901,-0.4829,-0.6262,0.3499,1.1215,0.0246,-0.0514,-0.87,0.3459,-2.1014,-0.8907,1.2631,0.6114,-0.5125,-0.7728,-2.1726,0.1928,0.806,-1.6087,1.0682,-1.0892,0.7596,0.9534
-1.4823,-0.8908,-1.906,0.31,-1.5627,0.766,-0.0158,1.0473,-0.0774,-0.5256,0.0643,-0.6092,-1.6602,0.065,1.0051,0.7892,0.1938,0.409,-0.886,1.1091,-0.766,0.2855,-1.5945,-0.503,0.7412,-0.3204,-0.1318,0.7504,-1.2461,-0.1847,0.3739,-0.038,-0.9159,0.9919,2.2693,0.3025,-0.3508,-1.1318,0.0788,-1.7742,-1.2763,0.3223,-0.5292,0.5214,1.1812,0.3254,1.4049,-0.7992,0.5284,-1.8166,1.183,0.0198,1.3592,-0.2427,0.0148,0.6492,0.6057,1.2499,-0.3409,1.3169,0.727,-0.1191,-0.3586,-0.4276,-1.6595,0.7335,1.1728,0.2096,-0.0183,0.7303
1.5866,-0.6345,-0.2216,-0.7223,-0.074,-0.3747,-0.0905,2.4251,-0.8156,-1.3238,-1.0091,0.3082,0.0912,-0.5626,0.4029,0.9511,0.4723,0.129,1.2916,-0.0074,1.0303,-0.2997,0.1792,0.2436,-0.5613,-0.5804,0.9623,-0.3227,0.0118,-0.1603,1.0265,0.7966,-1.1339,0.5075,0.1006,-0.958,1.3399,0.6728,-0.2105,2.3868,-3.3827,-0.2267,0.0106,-0.8428,-1.0727,-1.5164,-0.8104,0.2556,1.1594,-0.773,0.5311,1.4588,-1.0148,0.4675,0.1423,-1.4285,-0.7572,-1.5442,-0.2024,-0.3531,2.0014,1.8409,0.8934,-0.3273,0.8214,-1.1824,-0.8279,-0.5557,-0.6905,-0.0353
-0.6669,0.0932,-1.0707,-0.2362,-0.7712,-1.1879,0.3189,-0.107,0.712,2.0197,0.2177,-0.8806,0.2214,-0.1715,0.5967,0.801,0.3941,-0.9652,0.3022,1.028,1.6455,-0.6764,0.4509,1.3801,-0.8762,-0.1366,1.0653,-1.5059,1.2554,-0.3076,-1.1605,0.1383,-0.9114,1.4194,-0.351,-0.6796,0.1436,-0.0024,-0.6728,-0.4553,-0.5858,-1.9677,-1.6914,-0.0576,0.6512,-2.0929,0.3517,1.6819,-2.4282,-0.2962,2.2222,-0.1239,0.7732,-2.4418,1.2615,-0.0439,-1.1531,0.5129,-1.1043,-0.0819,-0.1281,0.266,0.4421,-2.0302,-0.0163,1.1171,1.417,0.625,2.6705,-0.6742
-1.2439,-0.7351,-2.2187,-0.6017,-0.6679,-0.6344,0.7872,-0.8358,0.6756,-0.6072,-0.544,-1.7181,1.2292,-1.0736,-0.0669,-0.4792,-1.1716,-0.4843,0.6184,-0.3136,0.7339,-0.6493,0.1551,1.7795,-0.9774,-0.7252,-0.441,1.5929,0.4073,0.4365,1.5529,-3.1524,0.7327,0.1277,0.2031,1.5641,2.4719,-1.0566,-0.434,0.0904,-0.3312,0.1829,-0.9683,-0.4723,1.4736,-0.5245,-0.0438,-1.8076,0.4579,-0.0646,0.8084,0.8525,-0.1225,-1.9651,2.3523,0.9533,-0.4483,0.1072,-0.4059,1.8133,1.6344,0.5571,-0.542,-0.4155,1.0232,-0.765,-0.1972,0.0976,-0.1613,1.3255
-0.8994,1.1796,-0.5678,-0.2452,2.3152,-1.4788,-0.3693,0.0603,-0.6386,-0.2177,-1.0866,1.4703,-1.3393,-0.6593,1.0255,-1.0263,0.6475,2.525,-0.6135,-0.6253,2.0438,0.5984,0.6879,-1.5836,0.2845,0.6239,0.4567,0.8268,0.0211,-1.0353,-2.2663,-1.0962,-0.8965,-0.5551,-0.1008,0.9597,-1.3693,0.7943,0.8567,2.2708,1.4358,-1.0106,0.5843,0.0891,-0.769,-0.4454,-0.4466,1.0778,0.0374,-0.6304,-1.3292,1.745,-0.8145,0.5297,-1.2609,-0.3836,0.0535,-0.7573,-0.878,1.3376,-0.8623,-0.7364,0.0733,1.5606,0.6773,-1.3535,0.1613,-0.9427,1.1304,-0.6498
-0.9456,0.1508,0.2096,1.0261,-1.4262,-0.4117,-0.0614,1.1182,0.4293,0.7105,-0.2382,0.2909,-0.0766,1.1405,-1.2475,-0.5706,-0.694,-0.656,0.6256,-0.0879,-1.206,-0.2384,1.0133,-0.6101,1.4222,0.0264,-2.8896,-0.4934,-2.4791,-0.3642,0.7269,-1.4618,1.3514,3.7279,-0.2892,-0.6737,0.6275,-0.7506,-0.0971,0.3019,0.0899,-1.8115,-1.2348,0.2416,-0.2001,1.6003,0.5397,1.0798,0.5097,1.1743,-0.667,-0.6603,-1.3141,-2.4896,0.7163,-1.4669,1.5535,0.1099,-0.1264,1.1991,-0.7628,1.0682,-0.5677,-0.8883,-1.7037,-0.0757,0.9695,-0.8227,-0.4521,1.2168
1.6509,-0.7043,-0.3646,-1.2993,-0.8049,-0.5358,0.022,-1.372,0.3178,-0.554,-1.3225,0.4089,0.8395,0.2677,-1.2488,-1.0798,1.0613,0.6243,-0.0673,0.4833,0.5455,-0.3144,0.275,0.0882,0.795,-0.6757,-0.4347,0.6232,0.0149,1.5996,-0.7115,0.1838,0.0038,-1.6772,1.1728,-0.0172,0.0226,-0.6986,-1.3855,-0.9195,0.847,0.3126,0.3154,-1.7486,-2.3558,-0.4989,1.1564,-0.1813,-0.357,1.1235,0.2906,-0.2012,0.0244,1.1667,0.2684,-1.5123,-1.4421,-1.5846,-1.0299,1.0413,0.3191,0.0894,-0.6872,2.3341,1.4671,-0.8572,-0.4012,-1.3789,-2.3004,-2.5161
-1.1241,-0.7393,1.2031,-0.7655,0.7644,-1.0797,-0.2001,0.0181,1.3926,-3.2159,-0.1501,-0.3639,-2.5075,1.8079,-1.6249,-2.4918,-0.1979,-0.6337,-0.6237,-0.4192,0.6203,-0.2031,-1.9348,0.4255,-0.5813,-0.5087,0.143,0.6878,1.0192,-0.3724,1.4514,-1.0899,-0.6289,0.8893,0.4862,-1.2458,-0.1283,-0.3434,-0.2879,0.0671,0.9975,0.1895,-1.5251,-0.445,0.1365,2.2656,-0.1429,0.8678,0.4729,-1.9738,-1.166,-0.7774,-0.1215,1.0886,-0.5133,-1.4806,1.0985,-0.7338,-0.1228,1.1381,-0.0791,0.7516,-1.201,-0.0966,-1.4081,2.3575,0.1008,-1.582,1.129,0.4412
-0.5912,-1.82,-0.5875,-0.0949,-0.6455,2.4911,-0.8067,-0.31,-0.2291,0.9323,1.1689,0.7871,1.4858,0.376,-0.6264,1.0086,-0.1684,-0.7801,-0.8106,-1.7211,0.397,-1.116,-0.7264,-0.8212,0.1594,-0.2525,-2.5219,0.4035,1.4671,-1.1842,0.3171,0.6223,-1.2144,0.7973,-0.1151,-0.5528,-1.1517,0.7854,-1.0234,0.5928,0.2339,-0.4566,0.0232,-0.8332,0.609,0.5524,-0.3524,1.0625,1.8226,0.2766,0.0412,0.2011,-0.4073,-2.2784,0.7888,-0.1175,0.1644,0.9996,-1.6039,-0.477,-0.5918,0.6932,-2.3209,-0.2762,-0.0045,-1.9259,1.4064,-2.0028,0.41,-0.043
-0.3437,-0.5609,0.3408,0.9335,-1.1208,0.1798,-0.1401,-1.3474,1.4386,-1.3637,0.1554,-0.5786,1.3109,0.9997,-1.0471,-0.2986,0.4514,0.2917,1.5571,-0.722,0.4898,-0.2849,-2.2002,-0.5613,-1.3427,1.7257,0.7224,-0.9085,1.502,0.7288,-0.8302,-1.5902,0.124,-0.8149,-0.3249,0.9758,0.9304,0.7673,2.6098,-0.5015,0.5048,0.9979,-0.2425,-0.9078,1.5685,0.1406,1.1842,0.449,-0.5419,-0.3695,0.2289,-0.0735,0.7372,0.7878,-0.6129,-1.196,2.1146,0.5273,1.7345,0.9981,-0.6036,-0.3615,0.1051,-0.7178,-0.6252,-0.6095,1.7861,-0.019,-1.8971,-0.155
-0.9795,-0.7908,0.3758,0.6408,0.7576,-0.6455,-0.7105,0.9176,1.9423,-1.1178,1.3023,0.3642,0.1994,-1.9824,-0.1429,0.3145,-0.4823,0.6658,-0.9575,-0.6673,0.3403,-0.2002,0.2524,-0.6813,0.0803,1.2487,0.7032,0.2913,0.7311,0.58,-1.1095,-1.0868,-0.0904,-1.0415,-0.9318,1.1295,-0.6708,-2.5469,-0.1321,1.1454,0.9027,1.0457,0.605,-0.5625,-1.2776,-1.1433,1.4495,0.0762,0.9994,0.3598,-0.7494,1.0737,0.5602,0.7174,0.1596,0.9043,-0.3986,-0.7988,-0.2655,0.9311,-0.0953,-0.872,-0.5967,-2.5147,0.6156,-0.757,-1.315,0.6027,-0.8484,-0.4335
0.8085,-1.3577,-0.4386,1.4873,-0.7311,-2.8177,0.0493,-0.1827,0.017,0.5863,1.9236,0.4843,-2.0405,-1.051,-1.0014,-0.1975,-1.0814,-1.211,-0.7846,-0.1577,0.839,-1.6269,0.6426,0.2625,1.5194,0.2942,-0.2581,-0.7697,-1.4727,1.2175,2.1378,0.6749,-1.2373,1.1146,-1.7235,0.6062,-0.2216,-0.507,-2.4538,0.9805,-1.2041,-0.5933,1.7252,-0.9899,-7e-04,-0.2176,0.9857,-0.2017,-0.6437,-0.1858,-3.6056,0.0864,0.475,-0.341,3.008,-1.5086,-1.3301,0.2066,1.3316,0.0321,0.0307,0.7535,-0.2246,0.2936,0.1007,-1.5402,-0.478,0.7655,-0.8079,-0.3914
-0.8673,-0.3695,-0.2914,-1.2687,-0.8137,-1.4799,0.7183,2e-04,1.0124,0.0356,1.8116,1.6019,-0.0614,0.9197,1.6092,1.1526,-2.2825,1.2412,-0.2602,0.1372,1.2122,-0.6276,1.5033,0.5368,0.1424,-0.0171,0.638,0.0288,-0.0856,0.7939,0.6291,0.3336,-0.0296,-0.0697,0.2552,0.9747,0.5877,2.3888,1.2714,0.4994,1.6639,0.1102,-0.6236,-1.0422,0.3968,-0.1026,-0.8923,1.713,1.9618,1.0653,-1.4454,-1.9457,0.0629,1.2945,-1.4309,0.5104,-2.1966,-0.8562,1.6079,-0.0292,-0.4589,1.0088,-1.8064,-2.0944,-0.0492,0.3819,0.0172,-0.6543,0.4172,-1.0937
0.2407,-0.7272,0.5122,0.7534,-0.2201,-0.1472,-0.042,1.1836,0.0975,1.625,0.069,-0.1203,-0.623,0.2357,1.2307,0.327,-0.0935,-0.3148,-1.0354,0.0588,0.7885,0.5927,-0.8251,0.9397,-1.175,1.5522,-0.3676,-1.2512,-1.3863,0.2615,0.2285,-0.2756,0.8709,-0.0635,0.6581,0.7398,0.1532,2.0083,-1.1979,-1.0302,0.9047,0.4267,0.8116,-0.0165,0.6748,-2.1059,-0.5917,0.461,0.7504,0.7291,0.4446,-2.1917,0.7394,-0.1987,0.4504,0.1454,-1.1887,0.1598,1.4266,1.0521,-1.4863,0.23,-0.6127,1.2999,-0.4878,0.4641,0.5735,1.169,0.6572,-1.6929
-0.5648,-0.0655,-0.6394,1.5316,-0.1139,-1.4537,-0.8152,1.2253,-0.35,0.8023,0.1695,-0.3057,1.3736,-1.5893,-0.4618,0.4843,-0.0713,0.1123,-1.6191,0.7445,0.3721,1.0814,-0.9867,0.4886,-0.9136,0.3433,0.3755,1.6728,0.5302,2.2515,-0.3384,0.4527,0.198,-0.4463,0.2777,0.9701,-2.5195,1.3168,0.9071,-0.7271,0.0784,-0.5845,-2.0104,-0.9267,0.166,-1.3412,-1.2943,1.7752,-0.172,-1.4295,1.8656,-0.6416,0.9317,1.4029,0.5451,0.4946,0.1364,0.9767,0.5198,-1.4081,-0.2649,-0.6128,-0.2862,-0.2671,1.4928,0.8332,0.0128,0.3766,-0.7891,0.5846
0.0556,-0.0923,0.6198,-1.8603,0.2049,-0.5064,-0.2683,0.005,1.2334,1.0076,1.4675,1.4121,1.3605,0.5983,0.0912,0.7061,0.5735,-0.5985,0.7885,-0.2538,1.7466,0.5451,0.1801,-1.0454,-1.2469,0.6998,0.7411,-1.5012,0.188,1.8733,-0.929,0.0618,-1.9177,0.8125,-1.0238,-0.6295,0.5396,-1.2174,0.9423,0.3835,-1.3461,-0.5752,-0.9816,-0.5621,0.2982,1.0249,-2.3491,0.1728,-0.2346,1.076,0.0427,-0.6376,-0.0934,-0.8235,0.8252,-0.7882,-2.8134,-1.0584,-0.3221,-0.8555,0.394,0.0537,0.1106,0.3158,0.3859,-0.4046,0.3208,-1.6683,1.5611,0.8069
0.5195,-1.3771,1.9529,2.0044,-1.4115,-1.9251,-1.2524,-0.4415,-0.2633,-0.3021,-1.5961,-0.2803,2.0576,-0.0096,2.2388,1.0622,0.3958,-0.8969,0.7815,1.0508,-0.7033,-0.3886,-0.4483,2.5999,-0.7046,-0.5584,-0.0964,0.0479,-1.5579,0.0477,0.5284,-0.2944,0.6387,-0.3336,-2.6357,0.7774,1.6107,0.2151,-0.7948,-1.5752,0.3396,-0.2398,-0.115,0.0637,-2.4339,-0.5479,-0.2313,1.2628,0.9597,1.3138,0.7094,-0.1841,0.5366,1.1074,-0.8808,-0.0441,2.0182,0.246,1.6118,-0.5832,2.6639,-0.7474,0.1622,0.0442,1.501,-0.5712,-1.9992,-0.7609,-0.1617,0.6619
0.7834,-0.442,-0.0153,0.2124,-0.9961,2.3714,-0.6051,1.5628,1.0769,0.0068,-3.0597,0.09,-0.1577,0.5487,0.9315,0.6044,-0.7738,0.8153,0.376,0.7476,0.1415,0.005,-1.5084,-0.9246,0.045,-1.682,0.6012,0.5872,-0.1171,0.0959,-0.4751,0.771,0.7426,0.5062,0.0212,0.3124,1.5247,-0.7431,-1.4962,0.5887,-0.6241,-0.0958,-0.8071,-0.2268,-0.1862,-0.0329,0.465,-1.3074,-0.5823,-3.2804,1.6117,0.7467,0.3454,-1.7655,1.2998,0.6946,0.9892,-0.287,-0.7317,-1.766,1.2463,-1.0908,-1.9482,1.6962,0.2691,-0.3587,-0.552,-0.6189,-0.3175,0.7644
-1.0942,-0.5497,0.0096,1.6934,-0.1412,1.6634,-1.5136,0.1005,0.2454,-0.7782,-0.7813,-0.3411,-1.4161,0.0087,0.3051,-2.3533,-0.2412,1.2019,0.7962,0.3514,0.2322,-0.247,0.3377,-0.341,0.3257,-0.513,-0.4542,-0.4041,1.0457,-0.6843,0.3154,-0.661,0.0572,0.308,-0.6187,0.7435,-0.8161,0.9416,1.686,0.3572,1.3015,-2.9759,0.4487,1.1013,-1.829,-0.054,-0.1268,0.9004,0.1279,-1.0103,-0.3304,-0.3515,-0.0226,1.961,0.6293,-0.0384,-0.9576,-0.3349,0.9186,-0.2123,0.5807,-0.9275,1.0839,-0.1352,-2.118,0.2983,-0.4131,0.6473,1.5507,0.5926
-0.7058,-0.1427,0.3324,1.8839,1.0079,-0.5794,2.0276,-0.015,1.0549,-0.3519,0.7663,0.8546,-0.3046,-0.4262,1.0316,-0.569,1.1511,-1.2473,0.3744,0.7563,-1.2916,0.7318,0.0561,1.3251,-1.4482,-1.5562,0.1242,-0.5635,-0.1505,-0.6839,-0.281,-2.0867,0.5472,0.6771,0.9826,-0.8836,0.945,-1.3154,-1.5751,-1.6658,0.2301,1.0649,-0.253,-1.0232,0.2958,1.0184,0.2842,-0.0579,0.2968,-1.9844,0.5383,1.1834,-1.6015,-0.2206,2.8285,-0.508,-0.4978,2.2414,-1.1504,-0.6461,0.9659,-0.3338,-1.3163,0.1681,-1.412,0.6987,1.1502,0.0465,0.3091,-0.2007
-0.1771,1.5929,-0.1256,-1.3751,1.1345,0.3402,0.041,0.0376,-0.6622,0.0376,-0.0802,-1.085,0.361,0.652,0.9443,0.411,-0.165,0.9866,0.2029,-0.6374,-0.3313,-0.3476,0.8368,0.0014,0.3185,-0.9212,1.3838,-0.9448,-0.8408,0.5593,-0.762,-0.8201,1.3561,-0.6437,0.1034,-0.2432,-1.2349,0.7095,2.009,-0.0691,0.0831,0.7348,1.6201,1.5496,0.1223,0.6648,-1.0142,0.6167,-1.4562,-0.3217,-0.8534,1.6642,-0.2866,-1.0041,-1.6313,0.3595,0.7665,-0.3287,-1.2859,0.1752,0.7609,-0.885,-0.1757,-0.0852,0.3911,-1.2707,0.0481,0.3867,0.1866,-0.6818
-0.1098,0.1989,0.1495,-0.25,-0.1417,-0.016,-1.3047,0.1742,1.0441,-0.328,-0.5761,0.8379,0.1629,-0.4049,-0.164,-0.8294,-0.8058,-0.3674,1.2102,0.2736,-0.7618,0.3455,0.7427,-0.7901,0.5417,-1.2392,-1.6988,1.3417,1.22,-1.1038,-0.3418,-0.4337,0.7607,0.3261,0.612,0.8152,-1.225,-0.4429,-1.707,1.5716,-2.5104,1.0855,-0.3511,-0.8767,-0.6869,1.8193,2.2046,-0.3948,1.1858,-0.4642,0.2634,-1.4698,-0.2928,-0.4266,0.07,0.2243,-0.0343,0.7977,0.6613,-0.0698,0.9206,-0.5001,-1.6159,-0.9276,0.6255,-0.7158,0.2288,0.5777,1.5023,0.4671
0.3816,0.2003,0.3251,0.3563,-1.1264,-0.1636,-1.3626,0.1046,1.0572,0.1842,-0.756,-0.4359,-1.002,0.6531,-1.5569,-0.5899,1.5321,1.1973,-1.3681,2.1934,0.7973,2.2313,-1.2854,-0.8604,1.7287,0.5312,1.4343,-0.3828,0.6731,1.129,1.4408,0.513,-0.6003,-0.6543,-1.1458,-0.7037,-0.6554,0.533,0.7921,-1.5607,0.713,-0.4173,-1.1075,0.394,1.688,-0.05,-0.3304,-0.3357,-0.3299,-0.4625,1.5179,1.1552,1.422,0.007,1.2903,0.3023,1.9499,0.5005,-2.158,-0.2955,-0.5367,0.1985,0.3245,-1.4221,-1.5475,0.652,-0.2204,-0.3374,-2e-04,-0.035
