"target","NS1","NS2","NS3","NS4","NS5","NS6","NS7","NS8","NS9","NS10","NS11","NS12","NS13","NS14","NS15","NS16","NS17","NS18","NS19","NS20","NS21","NS22","NS23","NS24","NS25","NS26","NS27","NNS1","NNS2","NNS3","NNS4","NNS5","NNS6","NNS7","NNS8","NNS9","NNS10","NNS11","NNS12","NNS13"
4.096,-0.0281,-0.591,-0.7708,-0.6102,-1.2032,0.6198,0.2844,0.1764,1.4861,1.019,1.4039,-0.8181,-0.1765,0.3946,0.0964,-0.3291,-1.225,-0.2094,1.0445,-0.7327,1.7585,0.9314,1.7539,2.1035,-0.403,-1.2964,2.5332,0.4735,-0.96,-0.5106,1.0445,0.6749,-0.1157,-0.8663,-0.7202,-0.9041,-0.7384,0.2955,-1.6736,2.8557
-1.1109,-1.9262,1.2319,1.2724,0.8407,0.4717,-0.1316,-0.137,-1.0287,0.4983,0.7799,-0.5066,-0.6384,-0.7915,-0.4285,0.6624,0.753,-2.9813,0.4023,-0.1242,-1.427,0.1827,-2.4998,0.7111,0.0822,0.0674,1.755,-0.4174,-0.9004,-1.0184,0.7219,0.6247,0.3813,1.1346,0.0468,-1.408,-1.5594,-0.3924,-0.2678,0.0759,0.3748
0.4815,-0.1477,-1.1746,0.3701,0.5659,-0.4519,0.9176,0.477,0.1741,-0.2609,-0.3079,-0.2834,0.106,1.3752,-0.7975,1.3234,-0.2949,1.5942,-1.5089,0.4079,-0.8619,-0.4394,0.518,0.866,-1.5716,1.2215,-0.4742,0.5384,0.0228,0.7998,-0.1273,-0.2528,-0.1298,-0.2691,-0.4093,-0.545,-0.0474,0.6335,1.7963,0.435,-0.2518
-1.4152,-2.3951,-0.3022,-1.4287,-0.3181,-0.2865,0.14,0.202,-0.6185,-0.8193,1.0181,1.3994,-0.2797,0.3544,-0.5523,-0.1108,0.9463,0.0936,0.0608,1.2717,-1.5169,0.841,0.4446,-2.0023,1.7494,-0.0763,-0.7206,-0.9569,0.4552,1.5859,-0.8805,-1.2749,0.8251,0.2759,1.2835,-0.6005,-2.1562,1.3561,0.5901,0.8603,1.8401
-0.9476,0.0053,0.4407,1.3634,0.0488,0.2942,-0.3262,0.5304,0.7937,-1.2506,-1.3298,-0.0617,-1.4289,-1.1866,-0.238,0.5453,0.1573,-0.308,1.1633,1.3684,-0.6667,0.676,-0.7455,-2.1455,1.5311,0.6944,2.0696,0.2962,-0.5937,0.8988,-0.366,-0.1574,1.079,-0.9167,-1.0113,2.3834,-0.439,0.4821,-0.6204,-0.8545,0.7602
0.7187,-0.5042,0.7933,-0.7454,-0.9769,-2.6088,0.5862,-0.6861,-0.5828,0.0927,0.5592,-1.8874,1.0427,0.3263,-1.0786,0.146,1.4272,-0.9943,-1.2339,-0.2954,-0.2453,-0.2534,-0.0671,-1.3117,-1.2365,0.2248,1.1535,-0.788,-0.8008,-1.5656,0.4385,1.3656,-1.7899,-0.4923,-0.9285,1.2639,0.8006,0.4214,-1.4059,-1.2554,-0.3517
0.9353,-1.096,0.949,0.9741,-1.1,1.5164,-0.3653,0.0239,-0.1546,-0.6092,0.5124,0.287,1.3716,1.1081,0.2047,1.0618,0.2806,-0.3041,0.4636,-0.2624,2.6602,0.9144,2.0097,-0.8092,0.1957,1.5722,-1.4075,-0.147,-0.4731,0.0743,-0.5854,-0.1833,0.7125,-1.4115,-0.2979,-0.6425,1.8623,1.0722,-0.244,-1.2025,-0.474
0.0014,0.0465,0.7922,0.3,-0.277,-0.1053,-1.5328,-0.8105,-0.5292,0.1275,-1.634,-0.7977,-0.0767,0.0107,2.2548,0.1944,-1.1925,-0.7982,-0.0293,-1.2503,-0.3366,0.1658,-1.2396,0.1413,-0.2283,1.4602,0.174,0.7123,0.2961,0.8901,0.9418,-1.8261,1.0238,-0.7388,0.3852,-1.0453,-0.8977,-0.211,1.4901,0.2319,0.2799
-0.4863,-0.4376,-0.608,1.6826,1.3705,0.8122,-0.9529,-1.0315,-0.5287,-0.2075,1.3943,-0.9151,-0.4417,1.0003,-0.9558,-1.0996,-0.7374,0.7942,-0.9115,-1.2687,-1.6515,0.8804,0.8621,0.8902,0.544,-0.629,-0.6828,-0.558,0.6349,-1.0264,-1.3112,-0.1422,0.5057,-1.477,0.4603,0.0539,0.166,0.9757,0.2426,0.1776,0.8344
-0.7362,-0.7686,-2.0451,-0.4355,-1.0954,1.6941,0.8148,1.3851,-1.2072,-0.279,-1.1965,-0.7233,1.4159,-0.3198,-0.028,-0.8185,-1.9071,-0.3948,0.3204,-0.5285,-0.728,0.9747,-0.6377,0.0178,-0.4048,-0.9526,0.5339,-0.7243,-0.8271,0.538,-0.4928,-0.6215,-1.5441,-0.4487,0.7045,-0.5098,0.5495,-0.298,0.1603,1.3785,0.0974
-0.0627,-1.8627,1.0881,-0.3616,-0.1661,-0.2031,-0.2714,-1.5261,-1.0631,-0.0353,0.0324,1.3703,-0.3539,-0.3032,1.7195,-2.0995,0.1147,0.6074,1.024,-0.8917,0.6907,-0.2779,0.4206,-1.2749,0.1712,0.3177,1.8763,-0.3314,-0.8743,0.0093,-0.9003,-0.4584,1.1894,-0.548,0.8992,1.6006,-0.2387,2.026,-0.038,0.379,-0.44
-0.6002,-1.3724,-0.9841,0.5233,0.0263,-1.4108,-0.1695,-0.2179,-0.2299,-0.9345,-1.1322,1.4518,-0.9987,-0.6982,-0.0585,2.0611,-0.8787,0.6958,0.9215,1.6668,-0.257,-0.8615,-0.494,-0.7634,1.208,-2.3277,1.1285,-0.5888,-0.7208,0.6532,-0.0509,1.806,-1.202,-0.8234,1.7627,-0.6392,1.3422,-0.8889,-1.5364,0.4663,-0.4314
-0.5408,0.1823,0.6827,-0.4625,-0.0253,0.8815,-1.6226,-1.5778,-0.3483,0.9034,-0.0102,1.4089,0.7665,0.1709,-0.4707,-0.9617,-0.2196,0.3502,-1.1721,0.8074,-0.1825,-0.3111,-0.8008,1.0004,-1.2904,-0.7169,-0.4117,-0.4044,-0.9336,-1.2962,1.6758,0.9642,-0.8106,-0.1161,-0.3345,1.799,-1.1139,0.82,-1.8557,0.3771,0.4139
-0.9135,0.6722,0.4314,-0.8011,0.2008,-0.424,0.7928,0.1428,0.0739,-0.7291,-1.651,0.1531,-0.6023,-0.2627,0.1781,0.113,0.8649,1.2631,0.8516,0.1059,1.5531,-1.2723,0.5455,-0.572,0.766,1.8741,-0.1051,-0.8159,-0.3739,-0.3228,-0.5,-0.7892,0.0137,1.1286,0.5379,-1.1709,-0.6211,-0.6824,0.0364,-0.1322,0.7312
-0.9982,-1.5412,0.2176,0.0036,-0.5461,-0.5311,-1.0945,-1.2062,0.7299,-0.8945,-0.8815,1.056,0.0711,0.7486,0.6879,-0.457,-0.2778,0.9655,-0.2959,0.5513,0.4713,-2.0986,0.0949,0.0673,-0.5034,-1.2947,0.9317,0.4412,0.6141,-0.6583,-1.3414,0.3859,0.228,1.4789,0.8971,1.2854,-1.6029,-0.5078,-1.2888,-1.2422,-0.1127
0.6539,0.8899,1.2914,0.1641,0.3046,0.112,-1.5344,-0.8901,-0.6059,0.9193,-2.9122,-0.5475,-1.7732,-0.1285,0.5845,0.2467,2.0151,-0.6014,-0.6263,0.4937,1.1631,-0.3833,0.2525,0.6521,0.394,0.1875,0.8952,-1.1029,1.2231,-0.4534,1.6112,-0.5159,1.8814,1.0217,0.3902,-1.1274,0.6582,0.4043,1.0472,0.0851,1.0575
-1.2112,1.0753,1.9291,-0.8571,-1.0415,1.5218,1.1907,-0.5981,0.2639,-0.0455,-0.2372,-0.5255,-0.5644,-0.8294,0.619,-1.424,2.96,-0.2129,-0.4413,-0.2405,0.8697,-0.5649,0.5917,0.3756,-0.7913,-0.5898,0.3473,-2.7048,1.1728,0.6669,0.3448,-0.1394,0.8432,0.0927,-0.9886,1.3906,-0.5656,0.5015,-0.2144,-0.9036,-0.0099
0.702,1.6561,1.6612,-0.86,2.0532,-0.7869,-0.6432,0.371,0.5804,1.1847,-1.6932,0.2141,-1.2328,-1.2954,-1.6682,-1.6081,-0.4384,1.3817,-0.8521,-0.7347,-0.0073,-0.8324,-2.2912,0.8444,0.0347,-0.5558,-1.5613,-0.0133,1.3012,0.2547,-0.8378,-1.8719,-0.0492,0.3663,-0.1328,-0.6692,0.528,-0.1683,-0.536,-0.0537,0.3364
-1.1957,-0.3755,1.1395,-0.6393,0.8879,0.773,1.2577,0.5107,-0.2528,0.3027,-0.1841,-0.7354,-2.1371,-0.3288,-1.2041,3.6792,0.0615,-1.8057,-2.7388,1.292,-2.4796,0.1701,0.5261,-2.9212,-1.236,-0.3999,-1.1723,-1.5569,0.5957,1.2305,1.6654,-0.3941,0.9918,-0.1309,0.7144,-0.0247,-1.4769,-0.493,-0.8435,-0.8747,-0.1973
0.9278,1.0146,-0.3536,-0.1887,1.3195,-1.8723,1.0766,1.5028,-0.8679,-0.6136,0.5708,-1.0282,-0.2107,-1.2236,-0.8948,2.0789,0.8778,-0.5428,0.014,-0.1366,-1.2359,0.5867,-1.4207,0.3857,0.0978,-0.1541,-0.339,-0.4992,1.443,0.573,-1.3863,-1.1445,-1.8336,0.6089,0.3602,0.6075,0.0717,0.7461,-0.1283,-0.2501,1.3307
0.4773,1.0439,-0.0078,-0.78,-0.9063,0.1964,0.619,-0.3156,-0.3454,0.6644,1.6781,-0.373,-0.2184,1.0837,-1.8322,2.8828,0.1547,0.5459,-0.1539,0.51,-0.2167,-1.5612,0.4541,1.7498,1.5001,0.6302,-1.9217,0.2848,-0.5206,-1.0894,-0.8593,-0.1162,-0.3516,-0.2675,-1.9107,1.0149,-0.2862,-0.5127,0.1724,-0.0305,-1.611
1.6215,1.1603,0.1108,-0.5236,-0.0624,0.244,-0.8498,-1.7579,-1.3743,1.3846,-0.0812,-0.5363,-0.7614,0.7613,-0.5814,-0.723,-0.3133,-0.7196,-0.4029,-0.21,-1.8312,-0.6359,-0.5043,-0.8494,-1.0025,-0.6979,1.1997,1.1833,-0.0924,-0.5866,-0.0149,0.4261,0.295,0.3987,0.3101,-0.8381,0.3111,-0.4267,0.9505,-0.2769,0.5141
1.9476,0.5297,0.8403,-0.8474,-0.7873,-0.3962,-0.8812,1.0725,0.6238,0.2776,-0.3463,-0.9465,1.5763,-0.4821,-1.5777,-0.0135,1.9286,1.5882,-0.6188,-0.6689,0.1357,-0.1312,-0.4298,-0.3685,-0.4753,0.0387,0.1391,-0.136,0.0478,-0.3771,1.1303,0.7001,-1.2318,0.3016,-1.9115,0.9661,0.0319,-0.0968,-0.1392,-1.1293,1.0497
-0.7847,0.1408,-1.3841,-1.3291,-0.4575,1.7689,-0.5854,-0.7766,1.2267,-0.3159,0.7557,2.3045,-1.1931,-2.0352,-0.1476,-0.6935,0.331,1.6436,-0.0128,-0.5138,-1.916,-1.1893,0.6934,-0.5487,-1.1908,1.7163,-0.1124,-2.489,-1.0442,-1.1111,-0.3557,0.6739,-0.7387,-0.906,-1.4285,0.4829,0.606,0.0616,-1.0303,-0.7635,-0.4925
-0.205,0.2341,-1.6036,1.442,-0.1527,0.2334,-1.5558,-0.7918,-1.0837,0.4911,0.4596,0.3156,-1.142,1.7353,1.3666,0.3523,-1.8813,-0.405,-0.7411,-1.1865,0.5312,-1.1734,2.5164,1.1948,0.1063,-0.5456,0.579,-0.7354,-0.0778,-0.8139,-0.4728,0.007,0.6961,-0.4256,-0.5424,-1.6816,-0.9865,-0.4132,-0.4712,-1.4776,-0.0886
-0.7178,-0.8787,0.2739,0.1035,-1.715,-0.4127,-1.483,-1.9796,0.2636,-0.0391,-0.1278,2.2723,-0.7417,0.4809,0.4648,0.3425,2.595,-0.4022,-0.7444,-1.5043,-1.008,0.4324,-0.1016,-2.4116,0.2894,-1.3398,0.8775,-0.2588,0.0178,-1.364,2.9367,0.7225,0.2029,1.1728,0.2776,0.8554,-0.6743,1.794,0.0777,-0.4255,-1.3314
0.7584,-0.8155,-0.342,-0.4862,0.5385,-1.4547,0.0342,0.8853,0.9654,0.6206,-0.4564,2.198,2.4811,0.6241,-0.0219,2.2001,0.5808,-1.0384,-1.5995,-0.0325,-0.021,-1.4037,1.2648,-0.8503,0.4504,1.9713,0.9746,1.0658,-2.0441,-1.9581,-0.036,-1.6911,0.1568,0.2724,-0.0553,0.0181,-0.3229,1.0808,0.3734,-0.4655,-0.0651
1.6967,-1.4923,0.8075,-0.1752,0.8851,-1.0659,-0.4411,0.597,0.1029,-0.6866,1.6023,1.7942,2.1373,-0.448,0.3925,2.116,-2.2311,0.8573,1.3303,1.4659,0.911,-0.1911,0.3152,0.1224,0.5719,-0.9707,1.1032,-1.8828,-0.077,-0.1198,0.1769,1.0371,0.4225,0.6848,0.0421,0.1808,-0.1585,-0.5471,-0.7736,-0.7841,0.0509
-0.6945,-2.4485,0.5189,-0.7906,2.0544,1.9801,0.4292,-1.235,0.618,-0.5649,0.4617,-0.6007,-1.1063,0.6542,0.1647,-0.7894,-0.2895,-1.089,0.7317,-1.077,2.5783,1.4451,0.8749,-2.3363,1.1252,1.3009,-0.3226,-0.618,1.5669,0.7133,-1.7842,0.18,-0.648,1.2532,0.5583,-0.423,0.5982,0.97,-0.0662,-0.2223,-0.1422
0.4175,-0.2237,2.2426,0.8558,1.5378,1.3066,-0.8723,-2.2291,0.9808,-0.0475,2.166,0.8369,-0.2694,-0.4517,0.4177,-1.4577,-1.9482,-0.1792,0.0908,0.822,0.1789,0.0056,0.4297,0.196,-1.1782,-0.0356,-0.8114,1.8631,0.2886,1.4437,0.7207,0.6353,1.6504,1.3429,-1.8677,-0.0345,-0.4361,2.4546,0.0536,0.6018,-0.9444
-0.5883,-1.4044,-1.2624,-0.9186,-1.3735,-0.4366,1.705,-0.6946,-1.5475,1.7623,0.8648,-0.7885,0.1705,0.4133,1.0648,-0.699,1.0914,1.3309,0.1141,0.8027,-1.5833,1.9112,-1.1371,-0.7983,0.3016,-0.3045,-0.5916,0.1088,1.0568,0.2813,1.0037,0.8902,-0.6525,-0.0427,1.6688,0.6796,0.1715,0.2041,-0.4189,0.3087,0.5801
1.29,0.0719,-0.2384,0.7108,-0.1273,-0.7185,1.0158,0.0453,1.9236,-0.3799,-0.3613,-1.7035,-0.8502,0.7601,0.5342,0.316,-0.1222,0.3192,0.8362,1.3293,0.258,-2.0499,-0.2178,1.4194,0.0138,1.0391,-0.298,-0.0778,-0.2679,-1.0766,0.9531,1.5906,-0.349,0.4223,0.3226,-0.2485,0.3033,0.785,-0.6893,-1.0998,0.3978
-1.0522,-0.8311,-0.1676,0.1966,-0.1467,0.6559,-2.6143,-0.0263,-0.4072,0.5371,1.397,-0.5666,-1.8633,0.706,0.4021,-0.1453,-0.8089,0.8646,0.709,0.0428,-0.9518,-0.0818,0.7932,-0.0216,-0.6347,0.8059,-1.0188,-0.0165,1.7539,-0.2275,2.0541,-0.579,0.8419,0.3935,-1.3383,-0.2246,0.7503,0.8108,-1.5536,1.304,1.4318
-0.5871,-1.2188,-1.0963,0.0139,-0.6989,-0.0242,-1.1775,1.8399,2.1812,0.5572,-0.3824,1.1439,0.1889,-0.8782,0.1322,-1.0428,0.2718,0.2022,1.3874,-1.5481,-1.3578,0.1888,-0.0336,0.3082,-0.1539,0.7737,-0.7341,1.3488,0.1961,-1.7471,0.7025,1.1462,-0.3484,-0.8159,0.7628,-2.5008,0.0987,-0.6177,1.8492,-0.0977,-1.4008
0.7735,0.1168,-0.5698,-0.4413,-1.0693,-1.6419,-0.8231,0.6186,0.1828,-0.7419,-0.4343,0.7198,1.7494,-0.989,-0.4407,2.0758,0.5427,0.0652,0.9372,1.4094,-0.6893,-1.712,-0.4198,1.8303,-1.3882,-0.8321,1.0135,1.3433,-0.8957,0.2309,-0.1463,-1.1862,-2.3484,0.2453,0.4796,0.1785,0.8293,-1.9788,-1.5937,-0.7086,0.3888
1.3678,-1.6259,-0.2427,-0.8227,-0.3285,-1.7283,-0.1709,1.3245,0.7079,1.2704,1.8203,0.6362,-0.5564,-0.3169,1.0971,-1.9879,-1.9265,0.6498,1.5929,-0.3579,0.0747,0.9575,-0.4414,-0.5462,-0.0722,0.3915,0.1282,1.0168,0.1005,-1.4704,-0.6989,-1.1118,0.2216,-0.9735,0.3598,0.3494,-0.792,-0.2952,1.2787,0.5228,-2.6986
0.095,-0.9829,-0.6435,0.5173,0.764,-0.7454,-0.07,-1.4396,0.6882,-0.0692,2.0754,-0.6255,0.5232,0.2595,2.3268,-0.0646,0.1688,0.1231,-0.944,-0.3519,-1.0795,0.0788,0.22,0.6321,-0.278,-0.241,0.7354,0.5301,-0.4685,-0.4368,-0.8884,-0.4068,-0.2573,1.2916,-0.207,-0.7104,-1.0027,0.0656,-0.9127,-0.4277,-0.972
-1.2471,-0.1089,-0.0811,0.7073,-0.0318,0.4411,-2.0841,-1.2847,2.0311,-1.7626,-1.3206,-0.4791,0.2407,-0.3592,-1.4089,-0.1691,-1.1687,0.0919,0.4208,-0.5119,0.7533,-0.9158,-0.9239,1.0998,0.5613,0.3189,1.2483,0.1739,-0.9714,-1.3607,-0.623,0.4837,-0.2722,-0.163,-0.1437,0.8138,-0.6095,-1.1911,-0.1568,-0.1839,-0.979
-1.2395,0.2329,0.6308,1.248,-1.7524,-0.5661,-1.4778,-0.585,0.5465,-0.365,0.1215,0.0652,-0.3935,-0.3707,-0.9347,-0.7286,0.988,0.5312,1.1662,-0.4467,-0.7761,0.3102,1.3877,1.8759,-1.2548,-1.2791,-1.5916,-0.485,0.2617,-1.6312,0.611,0.8501,-0.3774,-0.4989,-0.2352,-2.3606,1.3015,-0.8783,1.618,-0.5537,0.2874
-0.8041,-0.1192,-0.7881,-0.4136,1.4312,-0.138,-0.2874,0.7157,-0.1368,0.1749,-0.281,0.5603,-1.129,0.6442,-1.7461,-1.9098,-0.4992,1.6757,3.224,-0.7344,-0.8016,-0.3111,-0.8316,0.2765,-0.1449,-0.544,-1.1236,1.7191,-0.7912,0.077,7e-04,0.0461,0.1241,1.0968,1.0137,-0.5095,-1.6776,0.564,1.321,-0.3678,0.051
-0.2934,-0.9976,1.6137,1.1229,-0.8899,-0.555,1.064,0.291,0.6354,0.0252,-1.1232,-0.1772,0.1153,-0.9519,-0.7584,-1.3246,-0.866,-1.0779,0.6237,0.8061,0.0212,0.5836,-0.7422,-0.035,0.3383,-1.0629,0.1185,1.0539,0.0235,0.3125,-0.8698,-1.3267,0.8844,0.1994,0.3972,-0.6752,-0.115,-0.1375,1.3728,0.9284,0.3715
-0.4672,0.1085,0.668,0.7571,1.2975,1.1834,0.3193,0.301,1.0405,-0.6425,-0.8076,0.6016,0.7284,-2.9017,1.5233,1.0692,1.393,-0.7057,0.0975,0.1732,-0.1522,-1.3253,0.2322,-1.1483,0.5661,-2.5192,0.6858,-0.1346,-1.5778,-1.2966,0.9847,1.2098,-0.3399,-0.569,0.0687,0.3102,-0.8946,-0.5236,-0.9871,0.7371,-0.6335
-0.7952,1.6096,0.8727,-1.8486,1.498,0.3351,0.629,-0.3909,0.2873,-1.0526,0.4361,-1.4617,-1.1371,0.0263,-1.5695,0.3543,0.844,-1.2253,1.3204,0.4898,-0.1883,0.0731,-1.1448,-0.0378,0.5385,-1.0975,-0.0038,-0.453,-0.0702,1.186,-0.5622,0.7621,-0.7935,0.0781,-0.9887,0.9307,0.5395,0.5163,0.4384,0.3488,-0.0786
-0.54,0.05,1.5611,-1.2672,1.2277,-0.8063,0.338,0.5159,-0.85,0.141,0.1516,-0.5943,-1.0714,-2.322,1.1917,-0.9121,0.3096,0.2786,-1.4269,0.8279,-1.1625,-0.4074,1.0315,0.1714,0.585,-1.1116,1.6034,-0.7758,0.1327,-1.1398,-0.5057,-0.2179,-1.1432,0.0308,-0.1391,2.0299,-1.6917,-0.3466,-1.1837,0.2199,-0.1802
-1.7934,2.36,-0.3402,0.0421,-0.5354,-1.1657,0.2094,-0.3183,-1.6262,-1.5877,0.397,-0.7517,0.0395,-0.805,-0.5728,-0.6279,-1.2351,-0.411,-1.1784,0.1145,0.8594,1.0298,-1.3548,-2.1966,-1.1288,0.5756,0.1812,1.1282,0.8013,1.0641,-0.8787,-0.1355,0.5403,0.2203,0.0727,0.3786,0.4883,0.8233,-1.5389,0.1222,1.0895
0.1929,0.7303,1.2176,-0.2063,0.6181,1.092,0.9986,-0.2735,0.1059,0.1084,0.8264,0.1591,0.5227,-1.0058,1.6639,-0.3144,1.1954,-0.2917,-0.0281,0.8431,-0.1484,1.487,0.6981,-0.3659,0.2641,-1.1952,-0.2776,2.8744,-0.1204,-0.9002,1.0604,-0.3957,0.8234,-0.5834,-2.3979,0.5505,-1.5385,-0.1403,-1.0852,0.6642,0.5419
-0.2136,1.4422,-1.4687,0.3147,-2.0591,1.1281,0.9359,0.8281,0.5662,1.0974,1.2588,-1.5218,0.7649,1.3326,0.322,0.6317,-1.3009,-0.8957,0.6439,-1.5067,-0.1312,1.1785,-1.5041,-1.1242,-0.4299,-2.1053,1.502,0.3921,-0.9738,0.0631,2.0686,0.7742,-0.5452,0.4296,0.8501,-0.6914,0.1135,-1.8296,-0.011,-0.7205,1.9738
-0.3322,-1.5157,-0.244,-1.1563,0.7528,0.996,1.7597,-0.1225,-0.3909,-1.0688,1.3031,-0.5309,1.9383,1.0695,-0.2005,0.1363,1.2848,1.0377,-1.6013,1.1517,-1.5786,-0.1768,-0.0374,0.3098,0.11,-1.5285,-0.4132,-0.4693,-0.1678,0.7942,-0.3811,-0.0155,0.691,0.8683,1.1139,1.5244,0.6873,-0.8703,-0.8817,0.4171,0.3523
0.3465,-0.6901,0.6664,0.1004,-0.7966,0.159,0.9728,1.6416,0.3971,0.2837,-0.7916,0.2705,0.7708,-0.6661,0.8558,-0.1406,-1.3407,0.3089,1.271,0.2934,1.4065,0.7874,-0.5276,1.7694,-0.883,0.1029,-0.5609,0.8033,-0.2166,0.3193,0.8118,0.4836,1.3612,-0.9498,0.8236,0.3116,0.5274,-0.5479,1.0275,-0.4987,-2.0294
-0.4077,-0.9898,0.7774,-0.8325,-0.2746,0.0277,0.7339,-1.1201,0.9393,-0.5502,0.4033,1.1835,0.3759,0.9263,0.7216,-1.7527,0.686,-1.9294,-0.5917,-2.0594,0.4577,2.3047,-0.2702,-2.5086,-0.4352,0.1887,-0.5393,0.6757,-0.6548,-0.0149,0.5997,-1.022,-0.276,0.1447,-0.2345,0.8981,-0.1147,0.3245,-0.9079,1.1453,-1.4719
-0.286,1.5569,-0.0212,-1.02,-0.6761,0.9789,0.1273,0.9511,0.7996,-1.6946,-0.1948,-0.1493,-0.6818,-0.4914,0.7053,0.582,-0.5156,0.8199,0.314,-1.8624,0.9654,-0.1872,-0.8541,-0.108,0.0457,0.0577,-0.0131,0.3016,1.5053,-0.9481,-1.7041,0.1347,0.9957,0.2457,-0.4351,-0.6155,-0.6233,0.3617,1.3006,1.751,2.1687
-0.74,-0.2253,0.1961,-1.0149,-0.7582,-0.5571,-0.6999,-0.7252,-1.7859,-1.3887,-0.8538,0.2995,1.2094,0.4398,-0.7974,1.1933,-2.5658,0.1761,-1.2215,-0.636,-0.0865,-0.2334,-0.5676,1.1947,0.7888,-1.4976,0.0182,1.0443,-0.0067,-0.2545,1.9669,-0.2721,1.5961,0.292,0.4294,-0.1644,-2.0949,-0.0693,-0.2307,-1.3251,0.4505
0.6737,0.82,1.2424,0.1166,0.2939,0.1876,-0.0142,0.8239,-1.4543,-1.3833,0.2488,1.0614,-2.0353,-0.0519,-0.1631,-0.0567,-0.2828,0.6823,0.4789,1.088,0.2189,-0.8761,-1.1045,0.4632,-1.2718,-0.7647,-2.1662,-0.0781,-0.6757,-0.4254,0.6962,0.3867,0.5373,1.6685,0.8273,-1.5016,1.3192,1.4237,0.2084,0.0825,-1.3348
-0.6721,0.7929,0.468,-0.2745,0.3391,1.9763,-0.2859,1.1714,-0.1289,-0.8911,0.9525,0.1812,0.1088,1.9255,-0.2078,0.3945,0.5937,-2.3751,-1.9327,-0.0741,-0.8044,1.1199,0.2656,0.6665,1.2478,0.124,-0.4847,-0.1666,-0.0435,0.7732,-0.5546,-2.1924,1.5982,0.9571,0.0737,-0.7631,-0.111,0.3083,-0.0659,-0.9836,-1.0529
0.8905,0.9118,1.328,1.0013,0.2584,0.3881,-0.1629,-1.6595,0.8425,0.4498,0.5068,0.9461,1.405,0.7541,0.9505,0.3126,-1.3743,0.9517,-0.0525,-1.5614,1.152,0.2717,-1.5689,0.4942,-0.9387,0.0364,0.8389,-0.6163,-1.5912,-0.6756,-0.0043,-1.6537,1.2482,0.6377,0.625,1.526,0.0899,-1.5005,0.1216,-0.2294,-0.3601
1.2352,-0.3079,-0.4316,-1.159,0.0709,1.0076,-1.5867,0.2644,-0.2349,-0.7959,0.0593,-0.3802,1.0248,1.1723,1.0817,1.6535,1.7067,-0.2094,1.2127,0.7853,-0.1403,-0.1015,-0.4117,0.2729,-0.4633,0.5087,-2.017,1.525,-1.3124,-0.2552,-0.7614,-1.1214,0.8843,0.8218,0.3147,-0.4586,0.4407,0.4834,-1.1666,1.0332,0.941
-0.8487,-0.6794,-0.524,1.0339,-0.4506,-0.492,-0.8375,1.7114,0.6219,0.752,-1.9674,0.6116,-1.5388,-0.0581,-0.5531,-0.982,-0.3852,-1.2102,-1.7483,0.6036,0.798,-1.3647,1.9182,0.4861,-0.1686,2.1723,-0.568,-0.4881,-0.1841,-1.3095,-0.6767,-0.2699,-0.591,-1.4351,1.2,0.7252,1.203,-1.1986,0.9976,-0.9472,-0.6102
-0.724,0.294,0.3876,-0.74,-1.6302,0.3729,-0.5412,-1.0645,-0.4708,-0.4675,1.0631,-1.1543,0.049,-0.1984,-1.2964,0.9433,0.0495,-0.1429,0.0724,-1.2374,-1.1922,0.3533,0.3301,1.1057,0.0985,0.5033,-0.5487,0.4787,-0.1972,-1.0371,-1.633,0.2944,0.4757,1.3281,-1.5755,-0.9092,-0.6455,-0.1934,-0.551,2.4679,-0.0104
0.2839,0.66,0.3183,0.6005,-1.627,-1.0984,0.0081,-0.8395,1.5072,0.0623,1.2633,-1.168,-0.4261,-0.7917,0.2425,-1.8623,1.5037,-2.206,0.3734,-1.788,0.7819,0.9318,0.5488,0.4438,-0.0247,1.435,-0.4506,0.4968,-0.8085,2.0008,1.5161,-1.8659,-0.0871,0.1326,-0.8823,0.9494,1.3265,1.9044,-0.6597,-0.2243,0.0627
1.871,-0.0614,-0.2846,0.1173,0.1588,-0.6489,-0.9864,0.4266,1.3974,1.5639,1.8124,-0.2068,-0.2544,0.5647,-0.519,0.2972,-0.8933,0.1885,1.7378,1.1506,0.3824,0.2388,1.4478,-2.8902,1.2188,-1.1257,-1.9103,0.8293,0.1941,1.2571,0.3381,-0.834,0.6298,-0.5147,0.2205,-0.5975,-0.3528,-0.0617,-0.1027,0.4271,0.5763
0.3592,-1.4001,0.4378,0.2075,-0.6824,0.7457,-0.5814,-0.3201,-0.3327,-2.1319,1.2406,0.9621,-0.0128,1.1031,-0.2118,0.1892,0.0068,-0.3024,-2.35,-0.484,0.9873,-0.3424,0.8571,-1.1273,0.1107,-1.507,-0.5024,0.0932,0.233,0.8885,-0.3696,1.0359,1.5345,1.0462,0.8223,0.7285,0.2077,-0.5591,0.6473,-1.0583,1.531
-0.3942,-0.68,1.4328,0.7456,0.1954,0.6741,-0.2941,-0.202,0.1697,-0.2432,0.0058,-1.6939,-0.5147,1.7169,2.3053,-0.4439,1.0024,-0.0585,-0.2384,-0.4468,-1.7146,0.7682,0.8629,-0.5444,-1.6319,0.0223,-0.116,1.1619,0.3833,1.1889,1.062,0.0224,1.3859,1.2901,-1.6386,1.411,-0.9947,-0.1393,1.0095,0.8571,1.0788
0.3903,2.0459,0.0163,0.7485,-1.628,-0.0699,-1.3194,0.0367,1.032,0.3388,-0.9934,-0.2058,0.8938,0.538,-0.2651,0.4072,-0.3802,-0.9634,0.3394,1.4669,1.245,2.1765,1.1101,0.135,1.2349,-0.6902,0.184,0.609,-0.7572,-0.2213,-1.8639,-1.1421,-0.3303,-0.2062,-0.8615,1.4113,-0.4716,0.4316,1.1977,0.135,0.633
0.6633,0.2603,-0.2636,-0.0729,-0.5159,1.2255,9e-04,-0.2696,-0.0131,-1.3416,-1.4759,0.8527,-1.0854,0.7821,-0.9218,0.3943,-0.081,0.8498,0.213,0.0107,0.5096,-0.505,-0.839,1.275,0.2863,1.7688,-0.9259,-0.2507,1.5095,-2.4748,0.0776,-0.4244,0.1976,1.4742,-0.6351,0.6843,1.0851,-0.977,0.8716,0.0315,-1.7809
-0.3256,0.3425,-0.7776,-1.2196,0.5311,-1.3279,-0.3758,0.0867,-0.1285,1.0643,-0.8319,-0.2562,0.102,0.0057,0.5179,0.229,1.1998,-0.6369,1.334,0.4501,-0.5322,1.0956,0.2665,-0.1975,1.1544,0.9619,0.3638,0.017,-0.2087,0.529,0.5346,-0.6577,0.2461,-0.1348,0.4567,1.2102,0.9909,-0.0176,0.5445,-0.3838,0.8519
0.7053,-1.9177,1.008,0.8992,0.5871,0.2897,-0.8194,-0.8904,1.2642,-1.553,-0.2342,-0.8672,-1.2263,0.2521,0.3461,2.1635,0.8757,1.554,-0.3233,-0.0362,0.3431,2.4676,0.0192,-0.3685,0.4952,1.7103,-0.1075,-0.3571,0.1223,-0.0533,-1.7507,0.6272,-0.4228,1.6101,0.3688,-0.2208,0.5696,0.5533,0.1237,2.2456,-1.615
0.2661,-1.402,1.5806,0.4058,0.532,-0.8076,0.2923,-0.9554,0.6026,1.132,-1.02,-0.3198,0.5708,0.1677,-1.2778,0.2503,0.7014,-0.0715,0.5176,0.7716,-0.0648,0.3613,-1.0766,0.3999,0.4608,-0.602,-0.1016,0.179,0.0321,0.3233,2.428,0.897,0.7292,-0.6607,1.0888,-0.5023,-0.7942,2.2894,0.0884,1.8821,-0.8282
1.278,0.0156,1.7639,0.6671,1.8518,-0.6249,0.5612,0.6605,0.2678,-2.3216,-0.7309,-0.0396,-0.334,-0.034,1.0715,-0.5522,-0.384,0.8279,-0.2791,-1.1546,0.1031,-0.0877,1.3322,0.2046,-1.0342,1.0536,0.0301,-0.0843,1.5216,-0.1106,0.1584,-0.3174,0.2243,-0.1931,0.326,-1.0959,1.4465,0.3613,0.2837,-0.5819,1.0588
-0.642,-0.0012,-2.4814,0.4409,0.4509,-0.6177,1.3592,-2.1125,1.7952,0.5279,0.0428,-1.7677,0.6911,0.4108,1.184,0.3997,0.1019,-1.1469,-1.099,-0.569,-1.0023,0.9683,-0.069,0.1284,-0.2629,0.0492,-1.7648,-1.339,-0.3657,-1.71,-0.8173,1.276,0.9002,-0.0746,0.2192,-0.9718,-0.8039,-0.2764,0.7667,0.0499,1.4097
-0.1513,-0.1847,-1.0348,-0.1223,1.5359,1.7129,0.0793,-1.2281,-1.0543,0.9162,0.2791,0.087,0.3954,2.177,-1.2188,1.1156,-0.8594,-1.5772,1.258,-1.7362,-0.7019,-0.1343,-0.4586,1.6218,1.0056,1.2764,-2.0914,0.5391,-2.2938,1.0876,-0.7587,0.1345,-0.1583,-0.8747,0.7206,0.5149,-0.4898,0.2186,-0.7342,0.5796,-0.5434
-1.141,-0.5656,1.118,-1.5053,-2.1992,1.475,-0.7621,0.3923,-1.5955,-0.2597,-1.4404,-0.5726,0.3064,0.1507,1.7213,0.6024,1.5851,0.0368,-0.7352,-0.9078,-2.0795,1.1217,-2.3072,-0.8256,-0.0242,1.3304,-0.0528,0.102,-0.117,1.4849,-0.8036,0.9011,-0.1357,0.116,1.9303,-0.9504,1.4435,0.9012,-1.1191,1.1085,-0.1108
-0.9805,-1.7867,-2.3563,0.8435,-1.7724,1.8927,-0.8749,1.4187,0.4368,1.0818,-1.2525,0.663,0.1673,-0.0594,-1.7998,-0.9989,-0.8307,-0.9092,0.7801,-0.638,-1.3509,-0.6453,-1.9904,1.0841,0.4319,-0.2488,-0.0919,1.1472,0.4017,-1.3993,0.3129,1.8838,-0.0884,0.4811,-1.1184,1.4096,0.137,-2.5152,-1.1294,-1.1378,-1.781
-1.0037,-0.0718,1.1344,1.5593,-0.3409,0.2127,0.6316,0.0457,0.3692,-0.8339,-0.0582,0.517,-0.7018,-0.7149,-0.2854,-1.2851,0.6955,-0.6454,-0.5914,0.2455,-0.8016,0.3951,1.2402,1.2606,0.7387,-0.072,-1.1347,-0.4275,-0.6755,-1.2736,-1.1542,-1.2639,1.2283,-1.5472,0.379,0.7526,0.2707,-0.3762,-0.5106,0.1036,-2.4285
-0.51,-2.0795,0.8518,-1.8987,-0.0567,0.5599,0.1621,-0.6876,0.9367,0.8147,0.4692,1.1441,-0.4206,1.9387,-1.345,-0.8699,1.1369,1.2633,-0.0105,-0.5585,-0.4994,0.6606,-0.4545,1.3013,-0.8138,0.5956,0.5113,1.4853,1.205,0.766,0.2051,0.7235,-0.7282,-0.0335,0.5563,0.0271,1.5508,-0.3439,-0.257,1.1921,1.2773
-0.208,1.0332,-0.9529,0.6222,0.9849,0.0198,1.0342,-1.4918,-1.7352,-1.0728,0.1439,-0.5045,0.8172,1.3937,-0.0491,0.7192,-1.4344,-0.8833,-1.6284,-1.1376,0.9725,-0.0468,-0.9703,-0.0111,-0.6846,1.0326,0.8226,1.1536,-0.0415,-0.116,-0.356,0.3287,0.716,0.3581,-0.2104,-0.7164,1.7765,0.3016,1.7751,1.6711,0.4154
1.8237,1.5944,0.8556,1.6369,0.6839,-1.5453,1.2005,1.2047,0.0168,-0.4621,0.7481,-1.9305,0.4261,0.9452,-1.6321,-0.9782,-1.7165,-0.0027,1.8999,-0.6122,-1.0759,0.4612,1.1041,1.9185,0.6682,0.7571,-0.4625,1.0204,1.0039,0.5696,0.1628,1.1451,1.1477,-0.6717,1.2147,1.1671,-1.8302,-0.6851,-0.2953,0.1182,-1.0674
-0.8453,0.9775,0.1794,1.4367,0.7147,-0.288,0.2003,-0.2729,0.2073,-0.1521,-0.4225,-0.7851,-0.5251,0.3044,-0.8208,1.4008,0.0589,-0.9983,0.3388,-0.0836,0.3128,-0.3374,0.1902,-0.4285,-1.8624,-0.0849,-1.353,-2.8142,0.1548,2.0035,0.5702,0.2277,1.4165,-0.2189,-0.3881,-0.6689,-1.238,-0.9528,-0.619,-0.7959,-1.3395
-1.9562,-1.4693,-0.4807,-0.4242,-2.9171,0.528,0.6928,0.8911,-0.1113,-1.1166,-1.0571,-0.4511,-1.9642,0.7257,0.4318,-1.936,-1.9169,-0.8005,0.6994,0.7494,0.9847,0.774,0.3804,-0.3404,0.3938,-0.459,-0.1771,-0.6569,-0.5723,0.1127,0.5911,1.9053,-0.2025,-0.3228,-1.5214,0.4945,0.5088,-0.2927,0.5993,-1.2115,1.6492
0.0928,-0.3386,0.0835,1.0963,-0.7436,1.2437,-0.734,0.9396,-0.7819,0.6266,-0.7095,0.3867,1.045,-0.9363,0.62,0.3949,1.5209,0.7315,0.2323,1.3029,0.9406,0.0639,0.7761,0.5158,-0.0896,1.3279,-0.6288,-0.743,-0.7935,0.1148,0.4559,-1.5136,-0.1002,-0.4403,-1.4007,-1.3608,-2.3756,0.3138,1.3373,-0.7131,-1.6452
1.34,-1.7908,2.1808,0.1186,-0.2785,-1.1084,1.1182,-0.1384,1.0596,-1.1041,0.2982,-1.5321,1.6271,-0.3589,1.6609,-0.0296,-1.0562,-0.5522,0.3326,0.8313,-0.6358,-0.2597,-0.6171,0.963,0.2912,1.6812,-0.4902,0.6073,-0.473,-0.2171,-0.7083,0.2243,-0.7794,0.6639,-0.7982,-1.1786,1.0581,-0.7385,1.4645,0.4346,0.2899
0.0369,1.5825,1.1768,-0.5263,0.4983,1.274,-0.8752,-0.52,-1.9032,0.3039,-0.1734,-0.4863,0.8907,-1.476,0.1552,-1.4272,-1.2347,2.2963,-0.0031,-0.5735,-0.0277,0.412,-0.8709,-0.1772,0.2101,1.6758,-1.6754,2.0492,-0.4323,-1.7027,-0.5707,0.5035,0.5873,-1.1411,0.1416,0.5546,-1.1069,-1.2432,1.2831,-0.7727,0.4174
-0.126,-1.4105,-0.0069,0.4719,2.2472,-0.6308,-0.3412,0.5222,0.5768,1.7041,1.7754,-1.8119,0.0559,1.6176,0.2524,-0.4647,-1.0284,0.6853,-1.0802,-1.7112,0.4658,0.73,0.0521,0.9334,-0.1669,0.5595,-0.5701,0.5281,-1.2756,1.6307,1.6819,-0.3931,-1.1451,0.0919,0.235,0.1006,-0.3866,-0.0357,-1.0276,-0.3362,1.6695
-0.457,0.3177,0.074,0.5487,1.164,0.1074,0.0821,-0.6719,-0.4202,-0.2733,1.0772,0.1762,0.6354,-0.9435,0.8563,0.9024,0.7182,0.8166,-0.6788,0.5754,0.349,-1.3421,-0.4329,-1.5906,1.0664,-0.0613,-0.5244,-1.8665,0.2278,-0.7334,-0.1798,0.9082,0.175,1.3167,0.6436,-1.6909,0.2727,0.9956,1.1984,0.0245,1.0035
2.7836,0.4875,-0.0161,2.1333,-0.5497,-0.079,-0.6869,0.1,0.2125,-0.9836,0.1113,0.3062,1.3292,-1.4809,-0.511,-0.6523,-0.5923,-0.8803,0.3799,-0.8269,1.2224,0.0621,1.0159,-0.5364,-0.5291,0.1761,0.5916,-1.1842,-0.2201,0.9077,0.4731,-0.7851,-2.6896,-0.1265,-1.1223,0.4927,-2.1801,1.089,0.1799,0.0825,-2.4205
0.0774,0.9862,-0.6117,-0.9669,-0.5063,0.4012,-0.356,1.2459,0.0126,-0.7961,-1.2949,-0.3454,-0.2425,-1.4867,2.1398,1.3924,-0.7416,0.2386,1.1047,0.3458,-2.1557,-0.6788,2.1046,0.4208,-0.9771,0.6438,-1.1557,2.0832,0.1134,-0.6285,0.7099,-2.1137,1.4884,0.2711,-0.0553,-0.6507,1.2717,1.3731,1.2279,-0.5357,0.7548
0.3717,1.0643,1.8799,-0.0401,2.8376,-0.0452,0.1482,-2.1938,1.5147,-0.4574,0.3127,-1.1202,1.0954,0.2886,0.1122,-0.3806,-0.3059,-0.4401,-0.7245,0.9871,1.5746,-0.8655,1.3479,-0.9415,-0.5204,1.4203,0.2514,0.3354,-0.1232,-0.6098,-0.0568,0.0751,-1.9551,-0.187,0.8913,1.5687,0.2453,-0.3459,0.0498,0.594,-2.1177
1.2337,-0.7705,0.2974,-0.3236,-0.7914,-2.0911,1.5887,0.7022,0.0091,2.1419,1.5239,-1.1421,-0.598,2.0041,-0.7599,0.9776,-0.6345,-0.6918,0.1088,0.6332,-0.2348,0.4601,0.1256,1.3645,0.1448,1.8311,-0.4736,-1.0527,2.4188,-2.1647,1.1934,-0.3062,-0.494,-0.2199,0.367,-1.5679,-0.1145,0.1652,-0.2938,1.1009,0.5027
0.8414,-0.7829,0.2848,-0.204,0.2606,0.2099,0.6265,-0.5553,-0.5367,1.9767,0.8842,-0.296,-0.1631,0.291,-0.1011,0.1116,-0.0412,0.1204,-0.0787,2.2686,1.0671,0.5019,-1.5795,-3.059,-0.7018,0.5054,-0.5656,0.1457,1.0824,-0.852,-0.8138,-0.5664,-0.5561,-2.0573,-1.4137,-0.2338,-0.1597,-0.036,0.0437,1.6101,-1.6346
-0.0444,-1.6973,1.5435,0.554,-0.905,-0.1958,0.9343,0.8924,-0.0785,0.4915,0.0762,1.3897,0.0931,0.0214,0.8847,0.5354,0.0846,-0.5846,1.2614,-0.6313,-0.6071,0.9058,1.4204,-1.0817,1.8769,-0.5056,0.6236,-0.2674,-0.975,0.7803,0.2584,0.2382,1.011,-0.957,0.5201,0.7463,-0.1725,0.9888,-0.725,-0.7606,0.6813
-0.484,1.9055,0.052,-2.0482,1.6086,-0.8295,-0.5098,-0.0781,1.1594,0.0889,1.1456,-0.2252,-0.5046,-0.0867,0.1402,-1.4284,-0.3711,-1.4835,0.5322,-1.0281,0.3942,-0.96,-1.4581,0.1653,-0.4972,-0.0498,1.3233,1.9067,0.1354,1.3422,1.5659,0.4698,-2.4237,0.456,-1.7773,-0.2883,0.0738,-1.3871,-1.5212,-0.5628,-0.7082
-0.1122,-0.7559,-0.2537,0.3699,0.0675,-1.9613,0.2309,0.0043,1.8565,-0.1929,-0.0556,1.1669,0.1831,1.3237,-1.4028,3.0684,0.1514,-0.1544,0.7756,-0.0681,-0.7534,1.3602,-0.3709,0.063,-1.5545,0.2002,-2.0274,0.2468,0.1238,1.3971,-0.5164,2.1028,-0.7218,-0.8823,1.6044,-1.1872,-1.3266,-1.3526,-0.3652,0.7191,-0.1187
-0.4695,1.4951,0.7679,-0.1594,-0.4722,-0.3503,1.2365,1.5799,-0.8535,0.0776,0.0503,-0.8767,-2.14,-0.7709,-0.5706,0.3304,0.6017,-0.3428,-0.5565,0.193,-1.081,0.0467,0.0365,-0.6157,1.4342,-1.2882,1.5672,-1.0105,-2.1949,-1.2604,0.411,0.3678,0.6944,2.6111,1.1599,0.2874,-0.4922,-0.9848,-0.1475,-0.2269,0.2409
0.1842,-0.5864,-1.5359,-2.227,-0.7819,1.1049,1.3981,-0.8391,0.1913,1.3378,0.5676,1.6543,0.4375,-0.3724,1.8832,-1.4374,1.1467,0.47,-0.6493,-1.2434,0.8333,-1.1119,1.0035,0.7482,0.7012,-0.7365,0.32,1.6889,-1.4484,2.1438,1.311,-0.2816,-0.5083,-1.4729,1.6816,-0.427,-0.0101,0.7508,-1.268,-1.069,0.7629
-0.766,0.9247,-2.1786,-0.8212,1.9741,0.2015,-1.4173,-1.5835,-0.7136,-1.3897,-1.2783,-0.5638,-0.772,-0.9772,-1.6363,0.3747,-0.094,0.0522,2.7368,1.1395,-0.3132,-0.1676,-0.1363,-1.4573,-1.2087,0.2527,-0.0987,-1.0918,1.6841,-0.4607,0.682,1.2795,0.8434,0.9835,-0.5881,0.5273,-0.6958,-0.3252,0.0021,-0.5257,0.9664
-0.0342,0.8258,-1.6023,-0.5907,-0.6008,-0.4661,-0.7576,0.1008,-0.5164,-1.062,-0.5744,-0.0941,-0.1798,-0.7902,1.5813,1.8039,-0.4305,0.7746,0.93,-0.7018,-0.0435,1.1544,-0.0526,-0.2875,-0.0571,-0.8631,-0.4433,-2.3873,0.7971,-1.4144,-0.1075,-0.0904,0.5618,-1.3868,1.0831,-0.9365,-0.8298,1.9658,1.1361,0.2988,-1.2628
