"target","NS1","NS2","NS3","NS4","NS5","NS6","NS7","NS8","NS9","NS10","NS11","NS12","NS13","NS14","NS15","NS16","NS17","NS18","NS19","NS20","NS21","NS22","NS23","NS24","NS25","NS26","NS27","NS28","NS29","NS30","NS31","NS32","NS33","NS34","NS35","NS36","NS37","NS38","NS39","NS40","NNS1","NNS2","NNS3","NNS4","NNS5","NNS6","NNS7","NNS8","NNS9","NNS10","NNS11","NNS12","NNS13","NNS14","NNS15","NNS16","NNS17","NNS18","NNS19","NNS20","NNS21","NNS22","NNS23","NNS24","NNS25","NNS26","NNS27","NNS28","NNS29","NNS30","NNS31","NNS32","NNS33","NNS34","NNS35","NNS36","NNS37","NNS38","NNS39","NNS40","NNS41","NNS42","NNS43","NNS44","NNS45","NNS46","NNS47"
-1.0921,0.7896,1.2652,-0.0206,-2.2359,0.3141,0.2736,-0.1703,-0.0963,1.114,0.1185,-0.272,-1.051,1.4318,1.1843,0.2832,-0.9987,1.2689,-0.3272,-0.1738,0.7908,0.0284,0.8202,0.1135,0.8262,0.5825,0.9708,-0.2936,-1.4097,0.0834,-0.5002,0.9484,-0.4882,-0.8313,0.7962,-1.0973,-0.9705,-1.4571,0.8042,0.3609,-0.9355,-0.8278,-0.5118,-0.5696,-0.2052,-0.0257,0.6053,-0.4465,-0.2316,-0.2594,0.8784,0.8605,-1.2399,-0.9763,0.8763,0.0202,1.7609,1.2451,0.3032,-1.7324,1.8318,-0.6036,1.0738,-0.9194,-0.9326,-0.1343,-0.1331,-2.4799,1.0778,0.7655,-0.0017,2.2763,0.6674,-0.1816,-0.4603,-0.2448,1.0794,-1.497,0.5545,-1.5636,-1.35,1.1871,0.1332,0.1756,0.1543,-0.0556,2.1851,-0.3767
1.3152,-1.6753,-0.2384,1.5649,-2.1092,1.1542,-0.3931,1.1142,-0.3492,0.3207,-1.1298,0.787,-1.0399,0.636,0.7917,0.3822,-0.0562,0.3164,-2.0245,-0.0693,-0.7402,1.0396,-0.8466,0.7663,-0.5718,-0.377,-2.5762,0.4648,1.2402,-1.3543,-1.2854,-1.0003,0.8412,0.3531,-1.4422,-0.6868,-0.0041,0.0968,0.1329,-0.4886,0.0232,-0.8951,-0.4312,-1.3354,-0.1477,1.1844,-1.249,0.1342,0.1973,0.8469,0.919,-1.2085,-1.8611,0.4858,1.4429,-0.9496,-1.514,1.1427,-0.9974,-1.2767,-1.3448,0.5628,-0.2491,0.553,-0.1132,0.3174,-0.8827,-0.4154,-1.1853,1.2538,1.6561,0.2224,1.1297,0.1766,0.3664,-0.9547,0.3493,-0.6697,-1.7344,-1.2095,1.277,-1.0735,-1.8448,0.4597,-0.4807,0.841,-0.0446,-0.935
-0.4938,0.8907,0.6916,0.2375,-0.0592,0.4665,-0.2272,-0.6339,-0.885,1.4136,-0.202,0.0019,0.1502,-0.6972,-1.1354,-0.2699,1.1183,-1.9662,0.0914,-0.7248,1.0833,1.2727,0.1313,-1.5174,0.4455,-0.6003,-1.71,0.8471,0.6911,0.5156,-1.3331,0.8619,-0.8623,-1.0038,-0.5242,1.5349,1.3192,1.5477,-0.5547,-0.4457,0.231,-0.1198,-0.3258,-0.7202,0.2668,-0.945,1.7866,-2.4865,0.7795,1.5445,0.7605,0.0293,0.5141,1.5009,0.1354,0.7961,-0.191,-1.6527,-0.7191,-1.5515,0.5364,-0.7812,-0.7277,0.426,0.2863,0.2958,-1.2738,0.9944,-1.027,-1.4498,-1.2155,-1.2385,1.272,-1.1279,0.8624,-0.3028,0.699,-0.4457,-0.5775,-1.4256,-0.0272,1.1409,0.2528,1.3916,0.513,-1.1033,-0.8748,0.432
-1.4699,-0.577,2.0253,0.6966,0.9763,0.6499,0.3053,1.7584,0.9237,-1.7999,-0.046,0.1627,-0.8884,0.1612,0.1292,-1.4611,2.03,-0.4856,-1.3566,0.4897,0.6445,-1.1148,-1.1827,0.6251,-0.1675,-1.2402,0.6138,-1.0696,-0.2757,-0.6047,1.4926,2.2786,-0.1403,1.3177,-0.8844,-0.5904,-0.1466,-0.6053,0.4903,0.728,0.8235,-0.3562,1.0306,-0.2797,0.2327,-0.8652,-0.9923,1.244,0.0563,1.8673,1.714,-0.7009,0.387,-0.547,-0.5651,0.0569,-0.7403,0.8553,-0.6865,1.0198,0.1768,0.7898,0.534,-0.4245,1.4338,0.1664,-0.2449,-0.274,0.3504,-0.399,1.1004,-0.9248,0.535,0.9827,-0.9346,-1.4533,1.3641,0.7329,-1.9594,-1.2585,-1.9869,-0.7426,1.878,-0.6229,0.6459,2.0668,-0.1072,0.9291
0.5363,0.3069,1.0111,-0.9345,-0.9624,0.4731,0.2827,0.2167,-0.4138,0.2705,-0.8299,-0.2046,0.1866,-0.3347,2.7939,0.023,-1.3114,0.0972,1.4292,0.0413,0.4115,0.7999,0.6851,-0.1788,1.0319,-0.9097,2.209,-0.2381,0.9749,-1.4648,-1.2404,0.1835,0.3364,0.5828,-1.9721,-0.5108,0.7893,-0.9411,0.2601,-0.552,-1.9777,-1.0512,-0.3366,0.479,0.4186,-0.0032,1.7939,-0.1851,1.1191,0.9125,1.7478,-0.6683,-0.445,-0.033,-0.4097,-0.5146,0.192,0.672,-0.5882,-0.7532,-0.09,-1.2,-0.0172,-1.4955,-1.7573,2.1967,-0.2339,-0.8571,-0.7326,-0.7187,-0.471,-0.0689,0.4697,-0.1428,-0.7848,1.4334,-1.6696,-0.6313,-0.6123,1.2248,0.3811,2.2179,-0.1268,1.3514,-1.4068,-1.7071,0.7807,1.984
-0.748,1.2691,-0.1945,0.4309,-1.1158,-1.7916,-0.626,1.0063,-0.3896,0.5638,0.1152,-0.344,-0.1437,0.4327,-0.1218,-0.0065,0.7075,-1.4485,0.3732,-1.0287,0.8224,-1.3846,-1.4943,-1.3302,0.584,-0.9632,0.1259,-0.5546,-0.1767,-0.3351,-1.3115,1.8293,-0.029,-0.3861,2.0836,0.5798,1.3528,1.8086,0.2167,-0.4296,-0.3035,0.753,0.4865,1.5631,-0.3184,1.0161,0.1209,0.2996,1.4516,0.2057,-0.5646,0.7304,-0.5954,0.9985,-1.1142,0.5356,1.4793,-2.848,0.1183,1.416,-0.9573,0.0942,-0.8676,1.3158,-1.9945,1.4515,-0.0708,-0.2497,0.8777,0.0928,1.3021,-0.1849,0.3526,0.8494,0.3133,0.695,-0.6975,-1.1136,1.2982,-0.4756,-0.7187,0.6623,-1.3673,0.4558,-0.0724,-0.0406,0.0667,0.5591
0.3952,-1.1363,0.4192,0.3346,0.4444,-1.1299,-0.287,-1.6269,-0.8366,-1.3969,1.4258,0.6571,1.01,0.0836,-0.196,0.4134,1.9611,0.3386,-0.4876,-1.0674,0.4423,1.1441,-1.0849,-0.1576,0.75,0.5855,0.2743,0.7353,0.8876,1.267,0.3896,0.895,-2.5379,0.1168,-0.0271,-0.5398,0.1321,-0.6774,0.6899,-2.07,1.0584,-0.9109,0.2548,-0.0723,-0.5165,1.0718,0.2135,-1.3744,-1.2304,-0.1818,-0.1347,-1.545,-1.1159,-1.7438,-0.5091,1.2924,-0.0887,-1.1443,-0.9101,0.0944,1.6415,-0.2481,0.3858,-0.5603,1.0642,-0.0843,1.8024,2.0246,-0.5987,-0.6202,-1.2821,0.6779,-0.4876,-0.7483,-0.1008,-0.0847,-0.3381,1.614,-0.8996,-0.6773,1.7264,0.3624,-1.4234,0.7829,-0.2569,-0.8277,-0.0406,0.1487
0.2721,1.6316,-0.2044,-0.1584,-0.1693,-0.075,-0.1147,-0.9855,-0.7228,-0.2357,-0.4792,0.7847,1.2759,-0.1634,-0.7957,0.1463,-0.6,-0.4168,-1.5776,0.7469,-0.7851,-0.2549,-0.0894,-0.031,0.8696,0.9818,-1.8424,-0.7924,0.1581,-0.1441,1.2836,0.2004,0.5985,-1.2473,-0.5113,-0.2026,-0.183,0.3635,0.229,-0.009,0.0303,-0.394,-1.2675,1.366,-1.19,-0.6033,1.333,-0.1267,0.608,-0.6414,-1.275,-0.1731,0.0187,0.8244,0.1264,0.6885,1.5624,0.9883,0.777,0.4767,-0.041,0.0253,1.2469,-0.0518,0.4706,0.1422,1.933,-0.5359,-1.2963,-1.4777,0.7425,-0.4893,-0.8222,-1.3081,-0.9691,-0.4958,0.8987,1.7059,-0.1801,-1.3798,1.6921,-2.8482,0.9797,-1.6135,0.4632,-2.5829,-0.1158,1.588
0.0177,-0.8916,1.8027,-0.9732,1.0749,-0.8569,-0.0974,0.6071,-1.0253,-0.3669,1.0645,-0.1758,0.0925,1.4381,-0.191,-0.3375,0.1751,1.0826,1.6119,-0.9525,-0.3034,-1.7384,-2.8237,0.2085,0.1337,0.8255,-0.299,-0.5179,-0.1045,-0.1143,0.0741,0.5335,-0.405,0.0629,0.2744,-0.0461,-0.4049,0.5247,-0.9614,1.4831,-1.2102,0.1572,0.413,-0.1835,1.9096,1.0752,-1.2035,0.9333,1.3476,0.3018,0.0657,0.4303,0.6378,0.1484,0.4652,1.7829,-0.419,-1.2799,-0.4872,-0.9818,-0.3933,-1.7279,-2.0487,0.7164,0.5761,-0.0495,0.7552,-0.9141,-0.8498,0.1995,-0.1543,-0.1775,-0.4605,1.002,-0.4618,-1.8391,0.7112,1.3177,-1.0254,0.7126,-0.0465,0.2447,-1.1351,-0.9025,-0.7291,-1.3361,-0.2711,-0.1195
-0.3912,0.1213,-0.1809,1.4418,-1.1855,1.1417,0.4237,-0.3635,0.3474,-1.0234,-0.0465,-1.2032,-0.912,0.2491,-0.3414,-1.1023,-0.1043,1.9051,-0.0391,-0.553,0.3178,1.0762,0.8336,1.5733,2.2347,-0.5707,0.26,0.1396,-0.0381,-0.6822,0.9585,-0.3885,0.2882,-0.5911,-1,-0.9532,1.2695,-1.0382,2.0108,-1.0404,-0.0611,0.1435,-0.2493,-0.3618,-0.9655,0.7135,-0.7078,1.0458,-1.5054,1.2824,-1.3262,-0.8503,0.0191,-0.6,0.9334,-0.8265,-0.9837,-0.8144,-0.6503,0.5181,-0.4108,-0.4085,-0.6089,1.3739,0.9081,2.41,0.7807,-0.6492,-1.1307,-0.2867,-1.7778,1.6294,-1.0062,0.5539,0.8513,-1.818,1.1561,2.1725,0.2937,-0.9451,-0.2825,0.7114,0.5491,-0.6504,-0.3633,0.1848,-0.971,0.4069
-1.7399,2.3662,0.019,-0.2044,0.871,-0.2485,-0.6721,0.4398,-1.7997,-1.1219,-0.3452,0.1265,1.0378,2.0814,-1.0587,0.2101,0.9403,0.6467,1.5814,0.6728,0.3827,-0.0109,0.2611,-0.508,0.3816,0.8277,-2.3466,0.2257,-0.5886,0.2679,-1.0639,0.0114,0.543,-0.7986,-0.3602,0.5891,0.0126,0.7898,0.0699,1.4757,1.0372,-0.7634,-0.1798,0.6438,-0.6915,-1.6424,0.2737,-1.6559,0.1856,-2.1735,0.1035,0.6944,0.1929,0.7931,-0.8878,0.7433,0.1202,0.5522,-0.2113,-0.455,0.7401,-0.4839,0.5267,-0.3171,0.9472,0.2412,1.8755,1.8971,0.5976,1.2409,0.8184,-0.4197,1.1926,-0.1853,-0.2987,-1.19,-1.905,0.7764,-1.3902,-0.5321,0.8018,0.3745,0.4164,-0.0994,0.0221,1.2656,1.6883,-1.5804
0.5691,-0.0965,-1.0111,-0.8122,1.8406,1.6955,-0.0409,-0.6082,-0.1142,-0.7079,1.4773,2.1519,-0.3092,-0.399,-0.074,-1.5328,0.3474,0.555,-1.0598,1.2419,-2.6743,0.5816,-0.7633,-0.3093,-0.5526,-3.4963,-2.248,-0.453,0.3755,1.409,1.5268,0.8012,0.3793,-1.0332,0.6797,0.8031,0.1551,-0.3003,-0.9594,0.8503,-0.849,1.0996,-0.4844,-0.9034,0.2373,-1.8955,-0.7919,0.1017,-0.7858,0.8166,-0.0724,-0.0739,-0.0789,-0.7944,0.7898,-0.696,0.5699,-0.0477,-0.6868,0.148,1.0097,0.8398,0.3188,-0.2539,0.929,-1.5299,1.3949,0.5817,0.2945,-2.0071,-1.6443,-1.0552,0.1159,-0.704,-1.3959,0.8391,0.4568,-1.6813,-0.1956,0.2425,0.0269,-0.9903,0.7226,1.4765,-0.2368,0.2536,0.0551,-0.2853
0.844,0.2228,0.2208,0.1436,0.2537,1.0743,-0.8629,0.4496,0.6767,-0.4356,-0.2939,-1.6017,0.3931,-0.4733,1.1527,-0.029,1.2945,0.4584,0.4584,0.4757,-1.0344,0.0815,-0.6773,0.6383,-0.9298,-0.5373,-0.2066,0.431,-1.3602,0.8773,-1.0708,-0.868,-1.836,-1.7093,-1.279,1.3614,-0.4506,-0.4316,0.0838,2.1571,-1.9264,1.1718,-0.2922,-0.4367,0.7804,1.1078,0.6598,0.1358,0.2612,0.6815,-1.1476,0.8485,-1.3608,-0.2742,0.3717,0.5085,-0.0647,-0.6088,-1.4736,0.177,-1.0505,1.4358,-0.1944,1.1284,-0.1801,-1.4045,-0.6825,-1.3507,0.672,-0.5819,2.0571,0.1284,-0.7808,0.0552,-0.4986,-0.2985,0.387,-0.8117,-0.9634,-0.6773,-0.6623,0.5239,-1.3502,1.1638,-0.3302,0.9233,-1.4546,-1.3731
-0.7367,1.5383,0.6119,0.2109,-0.0405,-1.0468,0.8705,1.3282,1.7224,0.119,-0.073,0.3888,-1.4571,-0.3775,-0.166,-0.6936,1.3144,-0.145,-0.9517,-1.2903,-0.1953,1.1974,-0.4413,0.0719,-0.8324,-1.6894,0.2116,-0.1919,0.8874,0.5513,-1.2316,-0.158,-0.0205,-1.389,-0.6491,-0.0819,0.3592,-1.1691,-0.8965,0.596,0.7879,0.4094,-1.1436,0.6581,0.1493,-0.5839,-0.3781,-0.6302,0.2191,1.4928,0.1662,0.2876,-0.6374,1.4013,-1.2718,1.3423,-1.5189,0.8876,-1.5881,1.0676,0.4251,-0.2941,0.3071,-0.3584,0.4319,0.4548,-0.4932,-0.8273,-0.3933,-0.0615,0.8032,-0.3394,-0.0517,1.3974,-1.2164,-0.2176,-0.0665,-0.2039,0.0364,-1.1274,0.9783,-0.5346,0.5648,-0.5648,-0.2305,0.8999,0.772,-0.3348
-0.3905,-0.6824,-1.8545,-1.7283,0.4256,-0.6604,1.2956,0.9363,-0.2577,0.3443,-0.3161,0.4268,1.7434,-1.6524,-0.4003,0.2838,-1.0063,1.0663,-0.8931,0.0458,-0.9445,0.2696,-0.5402,0.1246,1.5729,-0.6698,0.0874,-0.2041,-0.3409,-1.0294,0.4181,-0.6063,1.4401,-0.064,1.0335,1.5072,-0.6223,0.9536,2.01,-0.8158,0.6282,-2.6077,-0.0192,-0.4395,0.063,-1.2524,0.7933,-3.8725,1.5483,-1.457,-0.6823,-0.3836,-1.4094,-0.1399,-0.7334,1.8807,1.3495,0.2816,-0.0783,0.5018,-0.4955,0.4692,0.3666,0.9167,1.0563,0.3291,1.1299,-0.8379,-1.284,-0.9595,-0.8866,1.3048,0.974,0.8662,0.4769,0.0211,0.2455,0.1348,-1.0703,-0.6729,-0.3471,-0.1481,-1.7898,1.5728,-3.0877,-0.6408,-0.3073,1.0966
1.8453,-0.2073,-1.6357,0.1695,0.2938,-0.7271,-2.3691,-0.168,-1.2352,0.603,-0.1015,-2.1773,1.0989,-2.3478,-1.3617,0.7697,0.2214,-0.534,0.9681,-1.1149,1.5409,0.3027,1.5273,-1.5128,0.9297,-0.3274,-0.894,1.1226,-0.307,0.9823,-0.2758,-0.3102,-1.2696,-0.5012,-0.3653,-0.4514,-1.7719,1.1987,-0.5566,-0.601,0.522,1.1478,2.0353,1.1649,0.3173,-0.0521,-0.0149,-0.512,-0.117,-0.483,0.1325,-0.8217,1.2002,-1.1102,1.5564,0.2151,-0.2551,1.0424,0.8807,0.0678,-2.3194,0.565,0.2856,0.1593,0.1134,0.4798,0.6345,-0.4194,-0.7034,0.7997,0.7912,-0.9362,-0.3513,0.3581,0.2372,-0.6565,0.316,1.522,0.4052,0.8126,-1.3174,0.4555,-0.2164,-0.7268,-0.5633,-1.0828,0.6358,6e-04
-0.7763,0.3987,0.681,0.764,-0.2916,1.1884,0.139,0.5366,-1.5187,-0.0326,0.3399,-1.0718,0.289,-1.2521,-1.7031,0.3811,1.4866,1.6796,-1.0793,1.0427,1.0038,-1.2184,-0.4808,0.2106,0.3534,-0.8401,-0.1521,2.1807,0.4345,-0.5766,0.1236,0.39,-0.777,-0.5207,-0.9199,0.4183,1.6946,1.8774,-0.2825,1.7745,-0.9614,0.0548,0.2685,-1.2698,0.8846,0.2051,1.2352,0.7467,1.7034,1.1001,-0.1021,0.6149,0.1146,1.015,2.4325,0.2651,-0.9443,0.2323,0.1476,0.8587,-1.3229,0.3488,0.0718,-0.913,0.1564,0.0816,0.0469,-0.7113,0.5222,-1.37,-1.123,0.4021,0.2333,-0.4327,-0.0801,0.0578,0.0332,0.4994,1.0802,-0.8808,2.1509,0.7211,-0.0723,-1.4234,-1.2368,0.757,-0.3507,0.2122
-0.0999,0.3041,-0.8114,-0.0088,-0.6931,-0.3374,1.5773,0.1677,0.1886,0.6387,0.0739,0.3201,-0.9805,1.0118,0.8272,0.0719,0.8054,0.6394,-0.7537,2.8652,-0.3399,0.5281,-1.2184,0.2474,1.0648,-0.7081,-0.6865,0.8191,0.2232,-0.1743,-0.5766,-0.9946,0.0829,1.983,-0.9751,-0.0327,-0.9532,0.6084,0.6118,-1.7791,-0.3458,-0.4623,-2.1085,-0.2278,0.6946,-0.7304,0.0162,-0.3553,-0.3095,-1.7676,-0.9298,-0.6965,0.0282,0.087,-0.5712,-1.4182,-1.9646,-0.4757,1.0362,-1.0372,-0.1067,-0.2959,-0.9584,-0.8303,0.5196,-0.7542,1.3583,-2.4069,0.3685,2.705,0.8377,-0.0651,-0.5278,0.8352,0.5622,0.3662,0.4583,0.3039,-0.0877,0.7045,-0.7039,2.8027,-0.565,0.146,-0.3158,0.7587,-0.8667,1.1087
-0.4705,0.251,0.7958,-0.324,2.1116,0.1615,-0.2045,-2.3196,1.1619,0.1118,-0.1211,-1.2009,-1.4706,-1.0145,0.7938,0.2839,-1.2868,1.7544,-0.519,-0.1071,-1.6795,-0.3563,-0.0979,-1.4529,-0.2286,1.0264,0.5567,-0.1702,0.3191,-0.5933,-0.8183,0.0436,2.6107,1.3663,2.2787,0.094,0.8814,1.3042,0.7112,0.1605,0.4729,-2.246,-1.5741,-0.7095,-0.6764,-2.5829,1.0538,-0.4519,2.823,0.4769,-1.129,-0.8281,0.5774,0.8188,-0.0512,0.5065,0.497,0.0316,1.0758,-0.8704,-0.9033,0.6222,0.2431,0.7524,-1.1398,0.5801,-1.1706,-0.6373,-0.7535,0.1437,0.1904,-0.2773,-1.8348,0.4275,1.0525,0.7947,-1.9704,1.4706,-0.0719,-0.0743,0.2549,-0.6105,-0.6159,1.1795,0.7701,0.2627,-0.8864,1.0972
0.8363,1.0053,1.2817,0.2396,-0.3081,0.7884,0.5396,1.6313,1.4213,-1.5683,0.3597,-0.7098,-0.5018,-1.6573,1.5645,0.2636,-1.5024,0.9752,-0.7005,0.1907,-0.6365,0.4999,-1.4086,0.5332,-1.3894,-0.5962,0.4948,-0.7148,-1.099,-0.0312,-0.5155,-0.3258,-2.3468,-2.1954,0.5553,-0.2973,-0.4167,0.901,-1.3367,-1.2521,0.6424,-0.5817,0.7785,1.7894,0.3124,0.4242,0.3088,-0.015,0.1991,2.0481,-1.9791,1.0383,-0.6409,-1.5858,-0.0682,0.4153,0.0198,0.8222,-0.7308,-1.0816,0.1353,1.3509,1.0767,1.4218,1.128,-0.7746,-0.2439,0.8236,0.3251,0.495,0.1596,-0.1519,-0.4836,-0.6052,0.0916,-1.2945,-1.593,0.6457,1.091,-1.3326,-1.341,-2.0398,-0.4444,-0.5571,-0.9591,1.3584,-0.9353,0.6951
0.8735,0.1873,0.1205,-1.2179,-1.0121,0.3552,0.53,-0.6953,0.7741,-1.0014,0.9177,-1.217,-1.1166,-0.5076,-0.7289,-0.2142,-0.3511,-0.4251,-1.3834,-0.8787,1.4323,0.4468,0.7581,0.2865,1.1809,-0.3576,-1.8931,0.3316,1.0403,-0.0193,-0.5482,-0.5477,1.0534,0.1879,1.3215,-0.7391,2.0651,-0.3467,-0.4712,-0.2813,-2.7139,0.724,0.9737,0.0761,-0.0809,-0.9335,-0.5876,-1.1055,-0.8957,-1.1466,0.4006,0.6346,3.1111,0.3288,0.1702,-0.5475,1.0858,-1.0253,0.2196,-0.6162,-0.3248,-0.5233,-0.0756,1.7401,-0.7465,-0.1274,0.2997,0.0499,1.5662,-0.8711,0.8247,0.6028,0.5507,-0.4692,0.15,-0.3059,-1.125,0.6937,-0.0418,1.1721,0.8253,1.8319,2.7344,1.5705,-0.3297,0.0055,-0.5049,-0.9653
-0.6182,-0.2151,1.2443,-2.4354,-0.9711,0.6524,-0.8089,-0.115,0.9908,0.0314,-0.5414,-1.1259,1.5487,2.2141,1.2939,1.1003,1.262,-0.8578,0.8454,1.1223,1.1918,0.5354,-0.0312,-0.4136,-0.8369,0.3359,-1.0521,0.0616,0.2158,-0.3207,-0.2459,0.6266,-1.5314,-0.2907,1.5711,0.4108,0.169,-0.929,0.0736,0.3273,-1.6921,0.9292,-0.8516,0.8527,-0.157,-0.1185,0.6898,-0.7413,-0.2772,1.3719,0.1255,0.4529,-0.061,1.7948,-1.8302,1.2195,1.4527,0.3662,1.8901,-0.7573,0.483,0.147,-0.2962,1.702,0.1227,-1.9103,-0.5646,1.1875,0.8825,-0.0082,0.5266,-0.2328,-0.1958,0.2852,0.2653,0.4222,0.7582,-0.1322,1.3651,0.4053,-0.4969,0.9865,-1.6954,0.9433,-0.2232,0.765,-0.1436,0.4733
0.5366,-0.285,-0.1804,1.1702,-0.7539,0.9194,-0.2384,-0.7342,-0.1184,0.9467,-2.1383,0.2901,0.658,-2.824,-2.1192,-0.2545,-1.6398,2.1454,-0.7655,-1.641,-0.6978,0.3981,0.143,0.0563,-0.5891,-0.5194,0.4638,1.7321,-0.8305,-0.4501,-0.4592,1.8929,0.4046,0.0524,-0.373,0.4099,-1.5001,-0.7391,-0.6919,0.1613,0.8142,1.202,0.582,0.7682,-0.4363,0.5387,-0.0383,1.5536,0.384,-1.3565,-1.197,-0.2455,-2.4793,1.5752,-0.7723,-0.2259,-0.4583,-0.3739,-0.9723,-0.6851,-0.1831,0.0788,-0.2651,-0.1047,-0.389,0.8011,-1.3575,2.3429,-1.1104,0.2295,1.1304,0.9436,-1.0781,-0.7075,-0.0165,-0.4113,-0.2625,-1.2423,0.4465,-1.69,-0.2041,-1.9638,-1.0304,0.1338,-0.1797,-0.9541,0.984,2.0047
-3.0337,0.8135,0.1769,-0.2292,0.4254,0.6132,1.3581,0.9426,1.2212,2.0038,-0.5424,1.096,1.0592,0.4162,-1.2167,1.3368,-0.6286,1.2623,-1.5169,0.133,-0.7476,1.4045,1.2869,-0.0912,1.3716,0.8985,2.1864,1.2998,0.7413,-0.5285,-1.7166,-0.2135,-0.5249,0.2001,0.5709,0.5673,-1.4242,1.332,1.4862,0.9779,0.9403,-0.2087,0.2834,-1.0672,0.5355,-0.7873,-1.1614,0.5798,0.5486,0.8138,0.6498,-0.555,-1.6308,-1.3939,1.5911,0.132,-0.294,0.3559,0.1969,1.0574,-1.3111,-0.0577,0.2865,1.3895,-0.1721,-0.3062,1.1857,0.4826,0.4495,-0.8624,-0.8587,1.4964,2.4569,0.6967,-0.6983,-0.9167,2.2773,-0.2834,-0.6677,0.8079,-0.2135,-0.517,-0.4575,-0.9876,1.4557,0.8326,0.5356,0.9847
1.7367,0.319,0.31,-1.1262,0.3621,-0.9608,-0.2931,0.6231,-1.1995,-0.2661,-1.5844,-3.5397,-0.2952,0.3525,0.3065,0.7944,-0.5109,-0.6381,-1.0638,0.5382,-0.153,0.3746,-1.4841,0.7789,-0.2108,-0.2048,1.638,0.8183,0.0451,-2.0821,0.9654,1.7457,0.0783,-0.5411,0.4729,0.1319,-0.867,0.4596,0.4334,-1.7561,0.0976,-0.326,-0.8382,0.3866,0.382,0.1171,0.199,0.5476,0.5857,0.7126,1.8604,0.1771,-1.7777,-0.0108,-1.4372,1.0304,-0.1355,-0.1195,-0.163,0.5775,1.5399,0.6565,-0.4249,0.3325,-1.6271,-0.493,-1.0937,-0.5142,-1.5129,-0.0153,2.1732,0.3568,0.7728,-1.2159,-0.8545,2.7961,1.6335,0.5868,-0.9953,0.9016,1.0763,-1.2584,-0.164,0.8841,-0.7727,-0.8883,-0.3746,-1.392
1.508,-1.3162,-1.2269,1.8662,-0.3151,-0.2472,1.6186,0.9819,1.0551,1.1402,-1.1907,-0.3031,-0.166,-1.7196,-0.4616,-1.1271,-1.7348,0.553,-0.471,-0.673,-1.8897,-0.3001,-0.9385,-0.0592,-0.5775,-0.9134,1.0653,-1.4135,-2.8631,0.6081,-2.0268,-0.0585,-0.0621,-1.5655,-1.4603,0.4572,-0.8547,-0.7667,-0.3014,-0.312,1.1074,-0.8444,-0.2015,0.0535,0.2646,-1.5193,1.81,-0.6727,-1.0736,0.6873,1.3562,-1.3634,-1.352,1.3586,1.9837,-1.2102,-1.3687,1.6377,0.2134,0.2333,0.0185,0.2283,-1.8018,1.062,0.3666,-1.8183,-1.0458,0.278,1.0857,-0.9369,0.9327,-0.5146,-0.6172,-0.811,-0.1647,-0.9257,0.4196,1.5429,0.1655,1.5603,-0.444,-0.8797,0.2846,1.2232,0.7599,1.1895,-0.0667,-1.026
1.9908,-1.239,-1.3766,-0.7631,0.6177,0.9354,1.803,-1.4323,-2.1285,-0.3097,1.9258,0.6548,-1.2798,0.9846,0.4739,-0.1261,0.239,-2.8266,-0.5982,-1.0877,-0.1669,-1.6679,-0.9441,0.6045,-0.1529,-9e-04,-1.0259,-1.3231,-0.5391,-0.1062,-0.5464,0.8471,0.839,-0.4476,0.2918,-1.9483,-0.1827,-1.3733,0.76,0.4918,1.1031,-0.4083,2.0487,-1.3091,1.4513,1.8507,0.8427,-0.3063,0.7454,-1.7128,0.8239,1.8689,0.4464,-0.5699,0.3219,1.2781,0.4869,-2.0354,-0.1129,1.4949,-0.9359,0.188,0.71,0.5765,0.6652,0.5343,1.4572,-0.0059,0.6051,-0.7771,0.3331,-0.8735,-0.0634,-0.9388,-0.3945,1.4136,-1.2147,1.762,0.1318,-0.6627,-0.0956,-0.1377,0.1129,-0.739,-0.7466,0.7192,-0.1929,0.3482
-0.6154,0.6249,-1.0742,3.576,0.5167,-0.0469,1.0068,-1.0402,0.82,1.2616,1.8088,0.7083,2.0903,1.0471,1.6144,0.124,-0.5611,-0.0667,1.2978,-1.8667,0.3448,2.0243,-1.1744,-0.2432,-1.768,-0.5435,0.8645,-1.0857,-1.2898,-1.3227,2.1827,-1.2297,0.7434,2.6904,0.6056,-1.8318,-0.0797,0.1843,-0.5369,-0.1586,-0.4503,-0.3718,0.5162,0.0269,0.7993,-2.2726,0.4704,-1.0179,1.0694,-1.2759,-0.5689,-0.6593,-0.2294,-0.6859,-0.3823,0.5624,-0.4422,-0.0703,1.3877,-0.4236,-1.0439,-1.3157,-0.347,2.2463,1.0726,-0.586,0.3642,-1.5279,-1.0749,0.0029,-1.1523,1.3966,-0.9032,-0.5236,-1.0663,-1.18,1.5725,0.1903,0.178,1.434,1.9979,-0.6251,1.2112,0.6575,0.3535,-0.3895,-1.6155,-0.227
-0.4871,-0.9119,1.229,0.3054,-0.3019,-0.3178,2.8641,0.4455,1.2835,-0.2058,-0.2138,1.2242,0.0584,0.4665,-1.3482,1.7774,0.3564,-0.8852,1.454,0.1646,-1.0882,-0.8422,0.2731,0.7446,-0.9884,0.602,-0.3142,-1.2043,1.6494,0.1934,-1.9444,-1.1349,1.6949,-0.1393,-1.2763,1.1852,-0.9924,-0.2018,-1.6723,0.9475,-0.468,0.4547,1.0964,-1.639,1.1382,-0.4376,-0.0588,0.3534,-1.7171,-0.856,-0.4587,-1.3231,0.6848,-0.7881,-1.8713,-0.5366,-1.3216,-0.0034,0.3526,-0.0118,-0.5034,-2.2353,-0.8506,0.9038,0.0622,-0.3875,0.3819,0.0588,0.6392,-0.7891,2.0888,-1.3243,-0.9099,0.674,-0.7941,-0.0494,1.8529,-0.7533,0.3797,-0.1637,-0.8671,-1.9683,-0.6864,-0.6691,0.1248,0.7292,-0.4797,0.3742
-1.1687,1.4556,-1.1521,-0.9519,0.2747,0.4869,0.1264,1.1206,0.0706,-0.7664,-1.2041,-0.5585,0.3896,-2.5606,-0.0303,-2.1281,0.0846,0.2691,1.251,0.845,-0.0974,0.2866,-1.0682,-0.3115,1.1792,0.674,0.0515,1.4747,-0.3654,0.7677,0.2755,-0.7494,2.5565,1.4943,0.3912,1.2451,-1.6817,1.1236,-2.1542,-0.2854,0.7169,0.0768,1.9956,-1.9407,-0.6143,0.2654,1.0883,-1.3132,-1.1501,0.8435,0.1923,0.4692,-1.3162,-0.9497,-1.3397,-2.4621,1.2122,0.0549,1.9415,-0.1746,0.8911,-1.0052,0.3936,0.3254,0.4026,-0.6246,0.8173,1.5222,0.9037,1.336,1.1855,1.2568,-0.4476,-1.3413,1.7433,-0.9871,1.3575,0.5905,-1.1961,0.9238,-0.8533,-0.1011,0.8747,-1.1389,1.5785,-0.4729,1.2433,0.8554
-0.4116,-1.0177,1.7511,0.4037,-0.6226,0.4175,-1.0466,0.6451,0.8135,-0.0552,-0.21,-0.0163,0.3041,-0.3204,0.5194,0.8766,-0.337,-0.7788,0.8882,0.1372,0.4937,0.8976,-0.5856,-1.8063,2.1045,1.4904,-2.3664,-1.0307,-0.2209,0.3958,-1.5266,-0.7173,0.84,-0.5308,-0.0644,0.9816,-1.2025,0.3793,-1.5911,-1.3071,0.36,0.6331,-1.7546,0.1852,-0.8778,1.4811,-0.6957,-1.0886,-0.4599,-0.0976,0.2691,0.9081,0.995,0.0143,1.5559,-0.5212,-0.3196,0.8268,0.5783,0.2965,0.6731,-1.3704,0.1955,-0.5105,0.4869,0.7668,-0.8638,-0.1398,-0.1635,0.1098,0.3809,0.1919,-0.2258,0.1451,0.4938,0.7833,0.0231,-0.3859,-0.2485,-0.4019,1.3354,0.7536,1.1216,-1.5177,1.0584,0.6087,-1.7417,0.6401
-3.8122,0.418,-0.2396,-0.1049,-0.16,0.8986,0.4094,0.6337,1.0431,1.8588,1.4413,1.0799,1.2409,1.4979,-0.9678,-0.6417,-0.3385,0.5472,2.5694,0.1798,-1.6357,0.4347,0.8586,2.0577,-0.1095,2.0717,-0.9015,2.8396,-0.2418,-0.0717,1.0454,0.6165,1.7294,-1.7249,1.5257,-0.9099,1.2754,0.8415,-1.4061,0.7087,1.9005,1.7103,-1.7937,-0.69,-0.7981,0.2145,-0.286,-1.0041,-0.6064,0.8655,1.0331,-0.0122,-0.6248,0.2937,-0.0932,1.2342,-0.8188,1.9904,-0.8948,-1.4165,0.9188,1.5333,0.3432,0.9248,0.6039,0.3601,-0.1395,-1.0717,0.4233,-1.8696,-0.1925,0.4894,0.5619,-0.3318,-0.0117,0.5155,1.813,-0.3614,0.6364,-0.1334,-0.6323,0.6114,1.188,1.0165,1.7001,0.0504,-1.5852,1.969
1.3329,-1.5403,0.6913,-0.3196,-0.455,-0.3235,-1.5222,1.1443,1.4719,-2.0249,0.3221,0.3859,0.2358,-0.7097,1.8923,-0.7436,-0.0091,-0.9711,-0.6616,-1.2133,-0.98,-2.5259,-0.1689,0.6287,-1.9094,0.8216,1.0152,0.3148,0.5604,-0.7751,-1.0111,-1.1068,-0.4197,-0.1127,0.617,0.1565,-0.3122,-0.4639,0.2371,0.0378,-0.1187,-0.2673,-0.1804,-1.3034,0.3328,1.541,0.1663,-0.9823,-0.3216,-0.8835,2.3787,0.8372,-0.1949,1.2664,-1.3334,0.0343,0.0938,-1.002,-0.9073,1.5266,0.2027,-1.4723,-0.1177,0.0199,-1.0716,1.0461,0.166,-0.422,-0.6823,-1.8436,0.464,-0.3141,0.0179,0.978,2.0869,0.306,0.3928,0.0078,-0.7855,-2.2751,0.7781,0.5278,-1.1066,1.932,0.6816,1.3159,1.3528,0.3138
0.2143,0.5199,1.1712,0.1216,0.0703,-2.0663,-0.3018,0.5184,-1.1171,-1.2517,2.125,1.3291,-0.1788,1.974,-0.1693,-0.3568,-1.5774,0.2476,1.158,0.1357,-0.5139,1.1257,-0.402,0.1295,0.7261,1.4558,-2.0474,-1.0293,0.2673,-0.9048,-0.4815,1.2393,-0.2113,-0.4941,-0.683,-0.8115,1.3124,1.3824,0.2928,-0.3915,-0.951,-1.6677,2.2213,-0.5847,1.0231,0.7197,-0.651,-0.415,1.7511,-0.1533,0.1555,0.0741,1.4704,0.6481,-1.0603,-0.3181,-0.0254,-1.6306,0.1269,-1.6468,0.9882,0.5657,-1.617,-0.6649,0.2419,-1.9194,-0.8233,0.4365,-2.0025,-0.9163,1.3907,-1.4549,-1.472,1.6216,1.0522,-0.1209,1.1672,-1.2786,-0.6778,-0.9131,1.0573,-1.2378,0.2028,-2.895,-0.1768,0.3841,-0.2508,0.1785
0.9728,1.2927,1.5555,-1.8406,-0.2851,-1.0091,0.2319,1.2822,-0.0359,0.3599,-1.1056,0.6057,-0.6594,0.6519,0.8951,-0.5867,0.028,0.5414,-0.442,-0.5325,0.1613,-0.3959,-2.4368,0.01,1.6137,-1.8555,-1.2834,1.5032,-0.3786,-0.4432,-1.414,0.0755,1.1072,0.6341,-0.7063,0.1395,0.5764,-1.5534,-0.4892,1.6466,-1.0808,0.9546,-1.9589,-0.9934,1.1252,-1.4707,-0.9258,-0.1916,-0.5131,-1.7625,1.1077,-0.6189,1.459,0.1649,-0.2334,-0.9496,-1.164,-0.6212,2.9713,0.3973,-0.2948,0.3727,-0.4187,0.4631,1.0414,-0.3535,-1.3692,-1.0747,2.1897,0.4197,-0.7626,-2.0226,-0.4519,-1.5737,-0.8793,-0.4675,-0.4182,-0.9116,-0.6034,0.0126,-0.2614,0.5598,-0.6472,0.3674,-0.0948,0.7334,-0.0639,0.4293
0.4883,-1.1103,0.6643,0.0967,1.0957,0.2682,-0.4151,-0.0995,0.7029,0.6672,-0.3167,-0.9348,-0.494,-1.5861,0.2049,1.1194,-0.2443,-0.5037,-2.6301,-1.5586,0.6964,0.6505,-0.6507,0.2813,-0.6146,0.9465,1.8297,-0.8033,-0.0525,1.8264,-0.5339,-1.5873,-0.1398,-1.0797,-0.4672,0.4713,1.7568,1.5903,-1.0944,-1.8354,-0.2197,-0.4212,1.1904,-0.8585,0.0389,-1.7269,1.8718,-0.7051,1.3563,-0.9263,-0.0132,-0.2702,-1.1181,0.5808,1.5119,2.1879,0.3147,-0.5512,-0.486,-1.1872,0.0176,-0.5976,0.3638,-1.9932,0.8607,0.0501,-0.8533,0.0949,0.5209,0.4295,0.2514,0.0995,0.3937,-0.9378,-0.5994,0.0678,1.1143,0.4142,-0.1623,0.9694,-0.0682,-0.7972,-0.3933,-1.3114,0.9318,0.3352,-1.3174,0.0031
-0.3478,0.4544,1.2667,0.046,0.5896,-0.7803,1.1788,0.3167,0.0838,0.2985,-1.8527,0.6359,-1.4684,-1.1396,-0.0422,0.5561,-0.5135,1.9994,-0.255,0.8572,1.0429,-0.3353,0.5562,0.5779,-0.683,0.0496,-0.8972,0.4483,0.9158,0.2881,-1.5015,-0.1724,0.2387,-1.6709,0.6156,1.6333,-0.4389,0.3218,-0.9634,-0.7413,-0.5749,1.7125,1.3122,-0.6684,1.0466,0.1654,0.341,-0.3759,-0.0087,0.1045,-1.0717,0.7639,-0.0285,-2.0406,-0.7418,-0.0646,-0.6533,0.2033,0.1308,-0.4865,0.6558,0.2415,1.6668,0.9472,1.1589,-1.3401,-1.9847,-1.7441,0.1307,-0.4594,-0.4152,1.2298,-1.9518,-0.8876,0.2352,0.7399,-1.9016,0.3874,0.9254,-0.1471,-0.5978,0.0132,-0.0086,-0.2786,0.0301,-2.4865,1.6782,2.1949
-1.7773,-1.472,1.0329,0.9653,1.2027,0.1176,0.2223,0.7514,1.4748,0.9432,0.2291,0.7595,-1.1589,-0.128,0.5322,-1.2492,2.2239,-0.7593,1.1295,1.1743,1.044,-0.0066,0.198,-0.6433,-1.1282,0.7901,0.0014,1.2579,-0.4316,0.1054,-1.8289,0.8562,-1.1406,1.1135,0.2702,-0.4609,1.482,-0.4857,0.1631,1.5253,-0.897,-0.5793,-0.8663,1.7422,1.1604,0.1211,0.5434,-0.6124,-0.9893,-1.447,-0.1819,-2.6434,0.3118,1.2059,-0.5223,0.2976,1.6997,0.4649,0.6102,0.4117,0.5886,-0.5272,-0.0358,0.0227,0.6711,-0.2305,0.0996,0.4612,-0.9755,0.4712,1.7086,-0.349,-1.483,0.3621,0.3461,-0.0836,0.3123,-0.1617,0.5959,-1.158,-1.2263,1.2997,-1.5042,-0.6163,0.2227,1.8933,0.0316,-1.458
-1.0609,0.1478,0.2588,0.0713,-0.1988,-0.1296,-1.3315,-1.452,0.9726,0.3712,-0.7942,0.4318,1.6482,0.7238,0.7303,1.1815,-1.8048,0.9586,-0.596,-0.1574,-2.285,0.4968,-0.7614,1.0131,1.5018,0.7667,0.7618,1.3743,-0.0665,1.0787,-0.404,1.5835,-0.2894,0.5118,0.394,1.9341,0.2336,-0.9321,0.7881,-1.4509,0.6044,-1.8236,-0.8422,-1.6689,-1.168,-0.0059,-0.4682,0.4434,1.2392,-0.7017,-0.5424,0.4926,-1.864,0.0843,-0.9324,1.6722,0.3436,-0.9444,-0.9501,-1.1608,2.0127,-2.3813,0.1103,0.814,0.5782,-0.0933,-0.1559,-0.0444,-0.8288,0.4285,0.1092,0.8714,1.2999,-1.8989,0.8392,-0.0908,1.0282,0.9106,0.4719,-1.8186,-0.6034,0.2674,-0.054,0.4327,1.1915,-0.2434,-1.3044,1.8928
-1.6723,1.8233,0.9657,-0.1999,-0.1967,-0.2728,0.6656,1.1453,1.2963,-1.0534,-0.0944,0.1414,-1.1259,-0.1824,-0.1639,-0.0639,-1.0553,-0.6035,-1.795,0.6915,0.5398,-0.3532,0.0039,0.6506,-0.6236,1.3154,1.3508,-1.0826,0.6924,1.967,-0.0611,-0.1873,1.1603,0.2868,-0.1996,-0.1705,1.5002,0.6411,-2.2589,0.0255,0.9867,0.0014,1.8135,1.4833,0.8598,0.2854,-0.0587,-0.244,1.3359,1.2135,-0.8643,-0.98,-0.5091,0.0741,0.1623,1.0682,0.055,0.0862,-0.6796,-0.2897,-0.2796,1.1714,0.9855,0.1059,-0.3872,0.08,0.4288,0.6442,0.4016,-1.3002,0.3,-1.4114,0.3704,-0.7408,-0.6204,0.615,-0.0012,-0.814,1.2777,2.1071,-0.7881,-0.1362,-0.026,-0.0204,-0.7861,-0.3482,1.1883,-0.3436
0.7459,1.4725,0.7768,-0.8664,-0.9287,0.0495,1.085,-0.9994,1.5097,-0.6398,0.4774,-0.601,0.4574,-0.2623,-0.9356,-0.6078,-1.456,-0.5854,0.3064,-0.368,0.2314,0.3797,-1.4224,0.2377,0.2135,1.0015,-1.4227,0.0252,-0.2025,0.2728,-0.443,0.094,-0.5237,-0.9527,0.7785,0.4739,0.2202,-0.8203,-1.4272,0.8772,-0.0691,-0.16,-1.1832,0.9643,-1.4128,0.5633,1.3015,0.6866,-0.3078,-1.1845,-0.3551,1.1072,-0.2231,-0.2284,-1.0329,0.8607,0.091,-1.7293,0.0414,0.759,-1.2437,-0.0478,1.2824,0.0413,1.7391,0.1148,-0.2356,1.6814,0.1818,0.0796,0.6154,-1.0258,-0.535,1.2095,1.5579,-1.932,0.7759,-0.3459,-0.1396,1.2818,-1.1085,0.2404,-0.8873,0.5421,0.7804,2.0291,0.3043,-0.2843
0.1166,1.1095,0.6313,-1.7056,0.8681,-1.5391,-1.0448,0.3534,-0.4407,-1.1204,-0.144,-0.737,-1.247,-0.8616,-0.3778,0.0885,-1.532,1.6567,-0.8304,-0.6028,1.3121,0.6046,0.7595,1.396,-0.0799,0.2509,0.7517,1.3332,0.4939,-0.9227,-1.2593,-0.7251,1.3936,-0.1257,0.8721,1.4484,0.1742,-0.4774,-1.6942,0.1694,-0.668,-0.0094,0.9523,3.1145,-1.0515,-0.3934,1.7293,-0.3548,-0.5966,-1.3933,-0.0403,-3.3467,1.5368,-0.2231,-0.7189,1.0255,-0.3432,0.6355,0.2197,-0.4789,-0.6127,0.5523,0.602,-0.27,-0.4693,2.2194,-0.3494,0.4656,0.2098,0.757,0.2034,0.1805,1.6855,-0.5322,1.9641,-0.2665,1.1394,-0.6826,1.4485,0.8915,0.9165,-0.9749,-0.0518,0.8057,-1.2024,0.588,0.2173,-1.3571
-0.296,-1.9525,2.1528,0.6703,2.2202,-0.1172,0.3169,-1.0735,1.0109,0.9943,-2.1276,1.1395,0.5233,-0.2387,-1.1023,-1.7381,-0.1463,-0.0431,0.5254,0.8262,0.5051,0.6459,1.4705,-0.3965,0.0034,-1.9562,-0.7223,0.1251,-1.826,1.6514,-0.2838,0.5825,1.9391,1.127,-1.0061,-1.0731,-0.5557,-0.4055,-0.9135,-0.7173,0.4768,0.8113,0.1132,0.6119,-0.1156,0.0603,-1.0771,-1.4932,0.6199,0.4111,0.3539,0.4186,1.5409,-0.0504,1.2434,0.1202,0.7168,-0.3882,-0.6489,-1.0249,-0.9954,0.0512,0.2245,0.2025,0.1726,0.107,-0.3581,2.1024,-0.3961,0.825,0.1885,-1.0902,0.3044,-1.1294,0.6982,0.7275,0.4104,0.4359,-0.4162,0.2877,2.0214,-0.5284,-0.0795,-2.4971,-1.0519,-0.6511,-0.3834,-1.8967
-0.1604,1.6268,-0.8657,0.3995,0.9465,-0.3978,1.4566,-1.1432,-2.0708,-0.8192,-0.2685,-0.381,-0.7341,-0.3954,-1.2046,-1.749,-1.4829,1.4731,1.0692,0.9534,-0.1931,1.1386,-1.5993,0.6164,-0.1439,0.5102,0.4287,-0.3858,1.0891,1.366,0.7265,-0.0397,0.8147,0.429,1.9659,0.4465,-0.0024,-0.3346,-0.5197,1.1097,-0.3917,1.3813,0.1703,-0.3928,-0.7933,1.1686,-1.2972,-1.1446,0.269,-1.6246,0.1384,-1.4161,0.1533,0.6001,1.0466,0.0243,-0.2242,1.6519,2.0572,0.2086,-2.1235,-0.9029,-0.008,0.2134,0.0636,0.1931,-0.7053,0.4869,0.3249,-0.6025,0.5052,-0.4014,-0.1,0.5424,-0.9263,0.6972,0.9188,1.4869,0.8299,-0.471,0.2044,2.7103,-1.7592,0.6239,-0.7016,-1.1491,0.4993,-0.2649
-1.5284,1.6885,-0.9641,1.2356,0.5292,1.3469,1.7393,3.3235,-0.7807,-0.158,-0.1296,0.3101,1.6978,1.45,0.095,-0.4202,-0.0021,0.9035,0.1974,-0.7469,0.0203,-0.4232,1.4303,-1.184,1.4165,-0.2673,-1.7753,-1.3224,-0.1685,-0.5648,1.788,0.6977,-0.604,0.3986,2.8439,-0.5328,-0.0507,0.5811,-1.0625,-1.8384,-0.7339,0.788,2.3642,-1.7479,-1.9579,-1.3102,0.0341,-0.5511,-0.1286,0.3436,-1.436,0.6023,1.722,2.2173,0.2676,0.8809,1.6896,0.8957,0.5908,0.262,0.9787,-0.2495,-0.2354,1.172,-1.5085,-0.0556,-0.2544,0.1983,-0.5431,0.0634,0.5168,-0.253,-0.0043,0.8482,0.204,-2.8504,-1.1569,0.9928,-0.5294,0.8482,-0.0205,0.0202,1.5453,-0.935,-0.6501,1.1027,0.8943,-0.3023
1.9412,0.1098,-0.7374,-1.9063,0.0266,0.4858,-1.5438,-1.9036,-0.8466,-0.7216,-0.037,-0.6697,-0.8147,-1.7247,0.6018,1.1263,0.9023,-2.1522,-0.0863,-0.6651,0.1335,0.9528,-1.3886,0.3382,0.7105,-0.2312,-0.3653,-0.5572,-0.5142,-0.1398,-1.5067,-0.1109,-0.1231,0.9073,-1.4525,0.681,0.9884,-0.5613,0.0493,0.8159,0.1014,0.111,0.8316,1.3484,1.3779,-0.191,0.0122,0.1729,0.6619,1.0162,-0.9436,-1.4333,-2.0608,0.0973,1.7084,0.4105,-0.5093,-0.6658,-1.5136,-1.1622,-0.7655,-1.1022,-0.4372,-1.0098,0.6169,-0.4127,1.9573,-0.0807,-1.0471,-1.3006,-1.1638,0.3628,0.1789,0.6447,-0.6536,1.0769,0.6671,1.0437,-1.679,-0.9486,0.148,-0.0469,0.7817,-0.4191,0.1671,-1.1534,0.0733,-0.4256
0.0926,0.1693,0.2256,-1.2659,0.0819,0.037,-1.7688,-0.5495,0.4129,1.1874,1.5665,-1.4809,1.2329,-0.3168,-1.2912,0.0213,1.5953,-0.5681,1.78,0.8458,0.315,-1.5488,-0.1224,-0.4603,1.818,-1.1822,-0.0509,2.3032,-0.6198,0.5339,-1.6588,-0.0982,2.2527,0.1442,1.4561,-0.4867,-0.5605,0.5312,1.2798,-1.2407,-1.6765,0.1731,0.8934,0.1226,-0.0673,-0.4293,-0.3009,0.9821,0.1367,0.7666,0.6893,-0.4601,-0.0515,0.1808,-2.3642,0.2491,-1.5374,-1.4829,-0.5353,0.7333,-0.3769,0.4623,-0.181,0.4876,-0.9939,1.2559,0.4495,-0.1514,2.3939,0.2251,0.4822,-1e-04,-1.0175,1.7363,0.7221,-0.4025,0.2372,-2.4184,0.8677,0.5159,-0.1642,-1.3886,-0.7737,-0.0179,-0.9352,0.4413,-0.9924,-0.6414
1.0531,0.2412,-1.7098,-0.7916,-1.8899,0.5347,0.8112,-1.0242,0.7993,-0.658,-0.1638,-0.6715,-1.8944,2.1964,-0.6761,0.2212,-0.7759,0.3379,0.9554,-1.0009,-0.2368,0.4799,2.1042,-0.8823,-1.349,1.7845,-1.0619,0.2006,-1.0791,-1.9717,0.427,-0.1822,-0.0654,-0.5042,-1.8725,0.5943,0.5776,-0.631,-0.54,1.0138,-1.2152,-0.5466,-0.1774,-1.5765,1.2656,-0.8759,-0.6766,-0.7286,0.1695,-0.56,1.2948,0.0508,-0.5114,0.6088,-0.3409,-1.186,-0.4263,0.2444,-0.3434,1.7283,-1.3583,0.2614,-0.5098,-0.5819,0.2922,1.0836,-1.3366,0.5736,-0.3097,-0.8297,0.4482,0.692,-0.1627,0.7125,0.2125,-0.5552,0.0972,-0.3103,0.0723,0.6731,-0.0266,-0.4098,0.3517,0.8096,-0.5031,0.7794,1.4421,-0.879
0.4677,-0.726,1.5302,-0.4807,2.5087,0.3114,0.8628,-1.2818,-0.8196,-0.2991,0.5187,0.2317,-1.3288,-0.3422,-0.0742,-0.9324,0.8626,1.3024,-0.4892,-1.0316,1.2493,1.8253,-0.1888,2.1397,-0.6324,-1.0191,-0.968,-1.2727,0.9271,0.5072,-1.0695,-0.6164,1.0846,0.4116,0.681,-0.4612,-0.8561,0.1584,-1.2664,-1.1089,-0.3713,1.0208,-0.3886,-0.9948,0.5107,-2.2,-2.164,-1.0134,0.15,0.2491,1.5327,-0.0429,1.3313,-1.2278,0.5903,-0.6218,-0.1722,-0.3687,0.8524,-0.4734,1.2358,0.3407,1.5801,-0.4477,0.5666,1.7812,0.5045,-0.0253,0.3224,-0.072,0.7103,-2.6723,-0.8604,0.2459,-1.1208,0.8029,0.3707,0.913,1.4179,-0.2361,0.359,-0.9717,0.3251,-0.0844,0.9977,-0.2085,0.2622,0.1314
-0.7813,-0.1189,0.259,-1.2855,-1.1491,0.6662,0.8902,1.545,0.849,0.5918,2.1515,-0.0921,-1.0137,0.7905,-1.3424,-1.556,0.3482,-0.0977,0.1531,0.599,-0.4289,-0.0747,-1.2104,0.6351,1.0448,0.2279,0.4859,-1.2966,1.2361,0.3341,-1.594,-0.7549,-0.6865,0.7211,0.8643,0.416,-0.4872,0.7031,-0.0179,-1.5095,0.6205,0.2499,1.376,1.3023,-0.7906,2.26,0.9593,0.2679,-1.9071,-0.9298,0.3361,-0.6079,-0.7688,-0.1595,0.778,-2.1987,0.6384,-0.5802,-2.0257,1.5295,-0.7414,-0.4898,-0.2393,-1.1515,0.0035,-0.1775,-0.3362,-1.1413,0.1969,0.6576,-1.4856,0.7455,1.1278,0.2086,-0.8255,-1.161,-1.5925,1.0506,0.5415,0.2768,1.1068,-1.6774,0.9786,0.2934,-1.2815,-0.5653,-0.8872,0.4119
0.0919,0.8291,0.7754,0.8075,-0.0683,2.3673,0.6917,-1.1683,-0.3935,0.2563,-1.2343,0.4217,0.3891,0.1686,0.8707,-0.4586,-1.0207,-0.3354,-0.0072,0.7828,0.1907,0.1061,0.3448,0.3388,-0.5295,-1.1714,0.6239,-1.1988,-1.3017,-0.6255,-0.6609,1.0741,0.4592,-1.3982,-0.2475,-0.6303,-2.2813,-1.0635,0.2953,2.1114,-1.2073,-1.3053,-0.8622,1.3543,1.4447,-0.9142,-0.3748,0.5845,-0.1419,0.109,0.5735,0.4413,0.0605,1.1286,1.9886,-0.4198,0.467,-0.2417,0.7411,0.3827,-0.0697,0.354,-0.2086,-0.8066,-0.1777,-0.8493,1.7166,-0.1662,-1.7775,-1.4302,-0.2649,-0.2645,-1.8966,1.1333,-1.7254,1.343,-0.2611,-0.1079,-0.09,0.2539,-0.5591,-0.8473,-1.5952,0.2042,1.0376,-0.6917,-1.9554,-1.4782
1.3718,-0.6629,0.9611,0.4965,1.2461,1.1762,1.6917,-0.685,-0.5077,0.3889,-0.0189,0.3181,-0.5953,1.8894,-1.2154,-0.1296,-0.5753,-0.4853,0.0158,-0.5009,-1.8626,-1.8254,-0.0565,0.684,-0.0764,0.0619,-0.777,-1.5861,-0.0851,0.2208,-0.7816,-0.9583,-2.3964,-1.8328,-1.4453,-0.9343,0.2005,0.1013,1.2082,-0.4635,-2.1536,-0.0203,-0.0141,-0.9824,-0.0786,-0.4326,-0.118,-0.7931,-0.1002,-0.1563,-0.6586,1.0525,0.4542,1.4373,-0.0581,-0.3537,-1.9657,0.3636,0.726,0.5374,0.4577,-1.2399,-1.0892,-1.3204,2.0725,0.7402,0.6341,-0.2398,0.3401,0.147,0.2717,-0.429,0.3129,-2.1828,-0.3664,-0.9671,-0.4647,-0.2782,0.8905,-0.6328,0.0375,-0.6808,2.7394,0.1016,0.0785,1.5758,0.1396,-0.9874
-1.103,-0.431,1.3554,0.2877,-0.4057,0.1203,1.0885,0.0438,0.1361,-0.2401,0.2183,-0.3118,-0.492,0.3682,0.4437,-0.9999,-0.2707,0.9521,1.1077,-1.0056,0.2969,-0.5254,0.5014,1.0839,0.7507,0.1678,-0.7993,1.0456,0.7234,-0.4996,0.1523,0.7374,-1.0847,-1.1729,0.5428,1.4915,1.8398,-0.999,1.2989,0.5494,0.7164,-0.0354,1.5944,-1.8579,0.8565,-0.4405,-0.8369,1.6197,1.6657,-0.9259,1.0042,-0.492,0.9637,0.5448,-0.2066,-0.6433,-0.1904,-1.9442,0.707,0.8108,1.4705,-1.7973,0.4537,0.0136,0.634,0.4005,1.7577,-0.3941,0.4251,0.1956,-0.5969,0.8595,0.5283,-2.0097,0.488,-0.7971,-0.0412,0.862,1.34,-0.333,-0.4372,0.4242,-1.8062,0.6913,1.1169,-1.3404,-0.9877,-0.3067
0.4265,-0.4385,-1.4818,-0.1098,0.1873,-0.9465,-2.1267,-0.47,-0.2609,-0.4116,-0.2477,0.7694,-0.1649,1.7678,0.966,-1.0878,-0.4583,-0.0097,1.9239,0.1295,1.9537,-0.3044,0.0775,0.5017,0.2145,-0.3333,-0.8588,-0.0675,2.0826,-0.2017,0.1455,0.3582,-0.7359,-0.454,-1.2608,1.0017,-1.8652,-0.1767,-0.8295,-1.0111,0.7541,1.1587,0.2551,2.2107,1.0439,-0.6977,0.8984,-0.9537,0.3986,2.5264,0.3013,0.0795,1.2097,-0.3876,-0.8743,-1.875,-0.5028,0.9178,-0.8825,-0.2653,-1.5663,1.3363,0.7324,1.0289,0.4771,1.585,-2.1138,1.6069,0.181,-0.3475,0.0788,1.6577,-0.8948,2.1431,-0.2066,-0.8318,0.1419,1.7099,0.8591,0.7142,-0.3208,0.1575,-0.6679,-1.1436,-0.0878,0.0805,1.4018,1.1395
-0.7714,0.1293,0.5309,-0.6789,-0.1925,1.3321,-0.7134,-0.4842,-0.4032,1.2042,0.0566,0.257,-1.2458,-0.1773,0.8268,0.1991,1.8668,0.6865,1.1818,-0.3012,0.243,0.8605,-0.9385,-2.0811,0.2196,-0.8391,-0.0263,-0.6669,-0.4557,-0.6493,0.2317,-0.0525,0.8602,-0.2317,-0.6474,1.6314,0.1819,-0.9455,-0.5298,0.5978,-2.2836,-0.7908,0.7075,-0.8765,1.9526,-1.4446,-1.0763,-1.4299,0.1052,-0.8334,-1.0714,0.6341,-0.1589,0.2484,0.2784,0.161,-0.1858,-0.3519,-2.0443,0.619,-1.0287,-1.7675,0.623,1.0798,1.842,-0.0294,-0.8198,-2.0871,-0.4541,1.0776,2.2382,2.1688,0.0274,-1.8232,-0.4502,-1.5482,-0.585,-1.2087,1.0157,-1.4099,-0.7998,1.7158,-0.5973,0.0666,0.9494,0.8009,-0.3964,-0.977
0.1737,-0.4212,0.2422,-0.4011,0.0085,-0.8782,1.881,-1.0141,1.2419,0.9017,-0.9803,-1.3374,1.5189,-0.5982,0.3813,-6e-04,0.5903,1.3533,1.4753,-1.3019,0.6712,1.7935,0.0476,0.153,0.3381,-1.4137,0.2661,-0.2204,1.4976,-1.5211,-1.011,1.6107,-0.2848,0.2551,1.8048,-2.1906,-0.3147,-0.4872,0.0154,-0.4428,0.9016,-1.2782,-0.7114,0.4791,1.1715,-1.1765,-0.4917,-0.2318,-0.7276,0.8041,-0.7197,0.4086,-0.2303,-0.4662,0.2591,1.2648,1.0313,-0.3925,1.7642,0.3869,-0.3336,0.6798,0.0202,-1.2132,0.852,0.8933,-0.8241,-0.148,1.308,-1.5418,-1.2386,0.7271,-0.9403,0.5059,-0.446,1.2305,-1.7055,-0.7296,-0.506,-0.3778,-0.6098,1.1146,1.8024,0.4321,0.3401,0.4515,-1.4503,2.2667
1.1737,-0.2114,-0.0706,-0.3349,0.3049,-2.3014,1.5499,1.116,0.6116,-1.2968,-1.566,-1.0674,-0.2242,-0.5595,0.0808,-0.6499,-1.1668,-1.1553,-0.5497,-1.7332,1.3737,-0.5655,0.0996,0.2421,-0.672,-0.5439,1.3133,-0.4425,-0.6048,0.5,0.1499,-0.7156,1.1276,-0.4061,1.3448,-1.2037,0.1208,0.6823,-0.3687,-0.3973,0.754,-0.149,0.349,-0.2705,-0.484,-0.2644,-1.748,0.0047,-0.1328,-0.4751,1.0206,3.6243,1.2538,-0.7324,-0.5872,-1.2206,0.2788,-1.2473,-1.3701,0.4414,-0.219,-0.2264,0.0539,-2.2904,1.767,-0.5929,1.4347,-0.2829,0.0514,-0.8023,0.1007,1.8641,-1.4908,-0.1766,0.4731,1.1402,-0.4191,1.9194,1.3399,-0.0448,0.1977,0.1346,0.2742,2.7485,2.1591,0.5483,-0.371,-0.064
0.4862,-1.039,1.5096,-0.733,-0.2955,0.0232,-0.5697,0.127,0.5674,-0.1878,-1.391,-2.2805,-0.7759,1.7248,-0.3378,-0.5446,1.0947,0.3006,0.4908,0.1267,0.3371,-0.1388,1.7212,-0.3587,0.225,-0.388,-0.8775,-0.5682,0.0801,-1.4222,-0.45,0.0408,0.2739,-0.7516,-1.6296,0.4835,1.015,-0.3904,-0.0173,0.4608,0.0316,-1.0396,-1.0858,0.1918,0.1809,0.697,-0.9718,-0.9817,-0.2408,-0.495,1.3038,-1.4444,0.678,-0.9139,-0.3719,-0.1753,-0.2934,-0.522,-0.1385,-0.4154,-0.5396,-0.7663,-1.0822,-0.0567,-0.1694,-0.4737,0.7503,0.9361,0.639,0.3703,-0.9618,-0.396,-1.4774,0.5292,-0.3353,0.6401,0.6522,2.264,0.8353,0.505,-1.848,0.4601,1.0745,-1.3967,-2.4579,-0.8691,1.7981,1.1938
-0.6157,1.3458,-0.5446,1.2657,0.1515,-0.2214,1.0706,-1.1007,0.8356,0.8532,0.2486,-1.0502,-0.4896,0.1271,2.172,-0.0611,-0.929,0.9048,-1.531,-0.9642,-0.3496,-0.9975,-0.7079,0.0348,0.7781,-1.1735,1.0003,-0.4695,1.5368,-0.684,-0.238,-1.0238,0.256,0.8444,1.2173,0.8222,-0.6255,1.0793,-1.3002,2.0283,0.0131,0.4865,0.6778,-0.789,0.8504,-0.8256,-0.7299,1.3838,0.7874,-1.9465,0.5203,-0.0296,-0.9314,-0.2645,0.0531,-0.5731,1.672,-0.0019,-0.1995,0.9559,-0.6071,-1.864,-0.3652,-0.3843,0.4618,-0.3727,-0.9705,0.2507,0.0951,0.429,-0.2605,1.581,0.1744,-1.4273,0.4175,-1.2253,0.2236,0.1539,-1.0725,-0.9415,0.0434,-0.979,0.6709,1.3269,0.294,-0.256,-0.0687,-0.2182
0.3786,-0.3622,-0.5241,1.5927,2.0313,-0.7568,-1.0643,-1.1236,0.8603,-0.0452,-0.1491,-0.1198,-0.1244,1.2653,-0.1285,1.7429,-0.8672,-0.6055,-0.5244,-0.0706,-0.0253,-1.0507,0.0981,1.238,0.2292,-0.5984,1.2086,-0.1901,-0.7728,-0.5754,-0.0322,-0.3727,0.1842,0.9888,-0.7427,1.4071,-1.2923,-0.8025,0.7821,-1.3649,1.1228,0.2663,-0.4906,0.2598,0.7776,-2.0574,-0.3978,-1.1151,-1.2326,0.4681,0.1074,-0.6005,-1.1018,0.5597,-0.813,-1.245,-0.5931,1.4869,0.124,0.9182,1.2598,-0.4846,0.7093,0.9075,0.645,0.3466,-0.1341,-1.2833,-0.511,-1.4017,0.2406,0.6183,-0.972,0.9233,1.2865,0.9024,-0.1266,-0.6009,-0.2585,1.1191,-1.6627,1.6577,-0.0961,1.487,1.1025,0.8784,-0.25,0.0926
-0.3468,-0.77,2.147,-0.2118,-1.7392,-0.4647,0.028,-2.1253,-0.4084,0.3974,-0.4014,0.8323,1.744,1.7867,0.9636,-0.3006,0.8395,0.24,-0.1792,-0.3406,0.9974,1.2481,-1.2364,-0.7089,0.5197,-2.6759,0.3361,0.85,0.9676,1.5626,0.8765,-2.5696,0.1756,0.4175,-0.2031,0.134,0.3903,1.7492,-0.6877,0.104,0.5759,0.8453,-0.1999,1.0326,-0.6832,0.5185,0.3579,0.6665,1.1051,-2.7474,-0.0784,-1.3115,0.2693,0.6252,0.9474,-1.126,0.3196,1.4596,-0.4463,-0.6625,0.6446,0.5861,0.8402,0.5306,1.0215,1.2729,0.3553,0.5176,-0.4959,-0.0751,2.2952,0.1895,0.4529,-1.2318,-0.5767,-1.6028,-2.4386,-0.4422,-0.8452,-1.1004,0.7515,-0.4367,1.0305,-1.2717,-0.9506,2.0343,0.7734,-0.9404
0.0513,0.1596,-1.2497,-2.1547,0.0758,1.1293,0.3782,0.0958,-0.1689,1.3463,-0.5933,-2.4422,-1.0014,-0.365,0.836,-1.0926,0.4075,-0.1927,0.1269,1.323,1.5226,1.1262,2.3123,-0.4313,-1.9385,0.56,-1.8119,-1.1672,-0.141,-0.6003,1.3388,2.3086,0.5878,0.1722,-0.4985,0.585,-1.0865,-0.093,1.8816,0.327,-0.615,-0.866,0.1832,2.091,-0.7876,-0.6684,-1.2537,-0.2117,0.7292,0.0932,-0.8505,1.3622,-1.6736,-1.237,0.201,0.4457,-1.5837,0.4661,-0.4163,0.0885,1.1131,-0.3867,0.775,1.1344,0.5902,0.1496,-0.7035,0.3737,1.1325,-0.5886,-0.1977,-0.6707,-0.3525,-1.3579,0.4246,-1.0072,-0.459,0.5775,0.7012,0.9328,-0.9831,-1.0645,0.5093,0.7315,-0.8658,0.6247,2.1027,-0.8746
0.0284,-1.2746,-1.4182,1.5229,-1.8691,-0.2963,-0.3492,-0.215,1.1852,-0.2103,-1.3047,1.7742,1.4983,0.6155,0.6484,-1.0962,-0.3422,-1.1233,-0.8504,1.8932,-0.0923,-0.7428,-1.4094,-1.0053,-0.6377,0.126,1.1159,0.7845,0.1253,0.5573,-0.6784,0.5973,-1.8091,-0.4223,0.4682,1.0239,0.0498,-0.6745,0.0613,0.0988,0.0208,-0.0595,0.935,-1.2774,-0.0768,0.0544,-0.0472,0.3,0.4318,-0.811,1.7627,0.6284,-0.4187,0.3706,-1.0781,1.425,0.6344,-0.1105,1.022,0.7911,-0.1385,-0.1724,-0.6846,0.0078,0.1305,-0.305,0.3235,-0.2202,-0.3912,-0.4001,0.5705,-1.0139,0.4106,0.4428,1.4733,-0.2501,1.0591,0.8472,0.2265,-1.2085,-1.0266,0.1494,-0.0176,0.5956,-0.3471,-0.2676,0.6963,-1.7128
1.485,0.2677,2.1395,-0.7729,0.2587,0.6243,-0.59,-0.9575,-1.4816,0.5044,0.3243,1.0684,-0.457,-1.7126,-0.6833,-1.6961,-0.9597,-0.3016,-1.0869,-1.6475,-1.0881,-1.0723,1.4054,0.4173,-0.9589,-0.4407,0.4586,-0.359,-2.5461,-0.1568,0.801,-0.66,-1.1403,0.7474,-0.3684,-0.7789,-0.4274,-0.3794,0.0264,-1.5717,1.3845,-0.0797,-0.6881,-0.6845,-0.9604,0.8809,-0.5351,0.3601,1.7345,-0.0053,0.1425,-0.5463,-1.9553,0.5364,-0.221,-0.866,0.1145,-0.1232,-0.3537,0.1056,-1.804,-1.3932,0.8442,0.368,1.7195,0.8216,-1.0299,-0.6263,-1.0346,-1.7468,-0.3044,-0.3837,-0.5273,1.4955,-0.6021,-0.1486,0.5421,0.9055,0.1795,-1.025,0.7374,1.4188,-1.4007,-0.7906,0.6477,-0.823,1.0335,0.2738
0.4205,-1.0129,-0.5399,0.1635,-1.3225,-1.4459,-0.5173,-0.0204,-1.1718,0.5146,0.2391,-0.6622,0.3157,0.6,0.0718,1.8706,0.7133,0.7892,-0.0555,-1.4206,0.4392,1.4109,-1.1594,-1.4483,1.3779,-0.5787,-0.3321,-0.0984,0.2364,-0.4388,-1.2631,0.6275,-0.0145,0.758,-0.5424,-1.5048,1.0726,-0.206,-1.4661,-0.1712,0.7666,1.2637,-3.1338,0.4357,-2.2182,0.762,-0.9389,-0.2282,-0.1222,-1.5311,0.6163,0.3869,-0.7827,0.7644,-0.0017,1.0086,-0.6423,-0.2868,0.4738,2.6756,1.2487,-1.427,-0.2362,-0.2745,2.4322,0.0613,1.4805,-1.4372,-1.8222,0.0073,-0.5353,-0.2026,-0.0163,1.3334,-0.6387,0.8348,0.6009,2.1419,-0.304,0.5736,1.6855,0.728,-0.3477,0.4696,0.2434,-1.986,1.0183,0.3572
0.3002,0.5239,0.2292,0.466,0.6833,-1.06,-0.4811,-1.052,-2.1403,0.2627,-0.2004,0.8766,-1.2754,0.7792,0.4416,0.9155,-0.3039,0.1143,-1.4014,-0.0791,0.3128,-0.4663,1.4888,0.148,1.1237,1.0771,-0.8292,-0.206,-1.9089,0.2067,-0.468,0.4191,0.3848,1.6165,-2.1711,-0.7465,-0.3393,-0.2005,-1.5215,0.4064,0.7295,-2.1927,-2.6771,-0.2029,0.4577,0.959,-2.437,-0.3132,1.0084,-0.0032,0.9771,0.7504,-0.1186,0.5538,-0.029,0.6816,1.1122,-0.7807,1.4932,-1.2301,-1.1371,-0.5994,-1.6614,-0.0953,-0.4287,-0.1926,0.4329,-0.7359,-0.811,1.723,0.4149,-0.3974,0.064,0.1754,-1.2967,0.0844,-0.5248,-0.7521,-0.9173,-0.2689,0.0202,0.3454,-1.361,1.3276,-1.1994,-0.4957,-0.2759,0.7125
1.1557,0.5586,1.3041,0.6068,-0.6327,0.5007,-0.6828,-0.6832,0.8406,-0.0572,-1.11,-0.0628,-1.7258,-1.5938,-0.1403,-1.9217,-1.3296,-0.8393,0.2005,-1.2752,-1.2743,1.2649,-1.0662,1.5354,-0.6223,-0.7305,-0.8133,1.1254,-0.8576,0.1564,1.3429,-1.3484,1.2447,-0.294,-1.3393,-0.6054,-0.7212,-0.9341,0.3942,0.3934,1.2167,0.8038,-0.7333,1.2563,1.2438,-0.3552,-0.2752,0.6021,0.0265,1.6179,-1.5973,0.9712,-0.088,-1.3469,-0.6529,0.7478,0.3766,0.684,1.178,-1.4797,-0.5397,-0.4461,1.1951,-0.0546,-0.3722,1.1313,-0.3257,-0.9009,0.4187,1.2386,0.3247,0.4902,-0.8902,0.7117,0.9822,-0.1781,0.5792,-0.8674,-1.7189,-0.2818,-1.5742,-0.179,-0.0372,0.7621,0.0821,-0.1625,0.7729,1.0829
-0.0755,0.8306,-1.3642,0.0055,-0.2791,-1.1997,-1.0197,0.3068,2.0234,0.0275,-0.226,0.9115,1.5046,-0.8162,0.3311,-0.8902,0.6397,0.6136,1.3646,0.3982,-1.4788,1.223,-0.2523,0.5314,0.7296,-0.6668,-1.2366,-0.5284,1.6833,-2.2413,-1.5884,-1.3265,1.1516,-0.682,-1.2185,-1.3366,0.4256,1.8916,1.6898,1.3659,0.4508,0.097,1.0637,-0.4732,1.0502,0.4344,-0.4616,-0.0686,0.219,0.1474,-1.3202,-0.3316,1.015,0.5992,-2.1891,1.9063,-0.6992,-0.3255,1.5989,-0.7838,0.1869,-0.0536,0.0322,-0.536,0.0445,0.8159,0.6469,-0.2694,-0.1697,0.1587,0.4928,0.0598,-0.6908,-1.2868,1.0105,-0.6646,0.0631,0.8049,0.4675,0.4836,1.5263,-0.5953,0.8878,0.299,1.2666,0.2684,1.0953,-1.3618
0.2083,-0.5344,-0.2579,1.1238,0.6895,0.8845,-0.1377,0.8768,-0.079,-0.9047,-2.1388,1.6218,-0.1802,-0.3092,-0.6456,-0.1513,0.7536,0.8069,0.8111,0.5601,-0.3068,0.2396,-1.0411,-1.8553,0.2536,0.1458,-1.0367,1.2544,0.2713,-0.1073,0.9743,-0.9131,1.6828,-1.4904,-1.4536,-1.4375,0.4912,-1.2585,0.3011,0.2577,-0.522,-1.3437,-0.7375,0.2813,-0.5128,1.0791,0.5431,-0.6337,-0.7211,-1.2345,-0.8029,-0.6716,-0.6259,-0.4798,-1.8306,-0.1615,-0.1708,-0.1297,0.6637,-0.1264,-1.7834,-1.5294,-2.3198,-0.1575,0.5025,-0.0854,-0.6958,-0.8354,0.9511,-0.7005,-0.089,1.4959,-1.3987,0.4222,0.5575,1.7139,0.1343,0.5953,0.48,-0.8764,0.3594,1.7703,-0.3889,0.8473,0.0515,-1.3759,-0.4295,-0.1156
-0.3757,1.1698,-1.815,1.0758,-2.399,-1.5947,-1.3797,-0.6574,-1.3535,-0.3963,-0.6892,0.5467,0.8258,1.8309,-0.3772,-0.6748,-0.2353,0.7031,-0.8455,0.6883,0.0018,-1.5358,0.8326,1.0472,0.3937,-0.048,1.2059,0.3985,-1.0173,-1.3118,2.0213,1.1345,-0.6849,-0.9058,-0.4166,0.6515,1.2932,-0.0854,-0.9033,0.2878,0.6932,0.195,0.7009,-0.3666,-1.6338,-0.9383,0.7912,-0.0231,-1.5594,-0.1357,-0.4931,1.3942,-1.3681,0.7265,-0.3678,0.634,-0.6005,-0.3731,0.2556,-0.8565,0.9502,-0.0365,1.135,0.5267,-0.9767,-2.1173,1.6747,1.2518,-2.3766,0.3534,0.3709,-0.0568,-0.4206,0.9984,-1.0174,1.6161,-0.4432,-0.6982,-0.0227,-0.8405,-1.6575,-0.0258,-1.317,0.1553,-0.8036,-1.0683,-0.9627,0.7856
-1.6813,0.8544,-0.3503,-0.952,-0.9144,0.1836,0.1465,-0.9274,0.7871,0.8925,-0.9523,0.6318,-0.288,1.2757,0.8234,-1.6252,0.8503,-1.3675,1.1077,0.2416,1.3351,0.0735,0.8635,2.0291,1.7989,1.0933,0.613,0.1176,-1.4633,-1.47,0.6808,0.6886,0.3993,-0.6143,0.4594,-0.8114,0.0096,2.4728,-0.1686,0.6048,0.0834,-0.4814,1.204,-0.7253,-0.5406,-1.7528,-2.4749,0.4089,1.2538,-0.892,0.8853,1.1414,-0.6767,-1.793,1.1427,0.6362,-1.8229,-0.4978,1.9656,1.0938,-1.4703,0.7957,0.6479,0.8257,-1.7714,-0.9952,0.4336,0.1145,-1.4639,0.3048,0.9639,0.7947,0.2692,0.6998,-1.8729,1.2495,-0.3877,0.2578,-0.3083,0.5363,0.1991,-0.4534,-0.1292,-0.559,-0.3841,0.601,-0.1937,1.3239
-0.0303,0.3227,-0.657,0.7945,-1.8149,0.4658,0.2199,2.1931,1.6466,-1.2282,-0.3942,-0.9198,-0.6251,-0.6132,0.1663,0.8717,1.0208,-0.1994,-1.0248,1.4076,-0.2027,-0.2595,0.3997,0.8207,-0.1571,-0.6458,-0.3034,-0.1464,1.15,-0.56,-0.0474,0.3053,-1.9983,-0.4458,1.543,-1.4673,0.9838,-0.3185,-1.1686,-0.6347,-0.7385,2.2936,0.7979,-0.9482,-1.3362,1.7119,-1.9134,-0.2438,1.4329,0.0906,-0.1788,0.7525,1.1377,-1.076,1.6808,-0.3939,-0.7277,0.1808,1.7142,-1.0511,0.5747,0.0814,-1.268,0.0744,0.4604,1.2496,-0.2709,-0.1041,-0.214,0.2062,0.439,-0.383,-0.2945,-1.304,1.2732,0.4524,0.3513,-0.4224,1.1544,1.6709,0.2394,1.1626,0.2871,1.3997,0.2505,1.0902,1.3117,1.2611
-0.8672,0.5019,-1.0113,-1.8885,0.6099,-0.2034,1.2956,1.4245,0.488,-0.1206,-0.3601,0.1539,-0.8551,0.7509,0.5846,-0.5788,-0.2005,1.68,0.9057,-0.3481,-1.1335,0.611,-0.4974,0.3442,2.0049,-0.6181,-0.7548,-0.4101,2.8026,-0.6274,0.4821,0.3302,0.5332,2.7518,0.3847,1.4888,0.3585,-0.6446,-0.0225,2.1835,-1.2834,-0.8575,0.1466,0.6295,-1.1855,0.4071,-0.2347,0.505,-0.9371,0.5116,0.4649,1.4256,1.5117,0.2174,2.5619,1.6479,-0.9733,-2.5356,-0.0177,-0.0536,1.6113,1.2322,0.2012,1.1214,-0.7122,-0.3414,-1.2138,1.2332,0.4225,0.0764,0.043,-0.4314,0.9766,2.3062,0.7425,0.2191,1.6205,-1.2241,-1.1692,-0.1596,-2.2643,1.1466,-1.0564,0.1309,-1.9779,0.3021,-0.4002,-0.9179
0.4542,1.2096,0.9206,0.2681,-1.2053,1.789,0.5283,1.3892,-0.9388,-0.4845,-0.1749,0.2046,0.8779,0.6833,1.0833,-0.0419,-1.2535,1.3945,0.5335,-1.7223,0.8578,0.0762,-0.5692,-0.1585,-0.126,-1.7118,-1.0438,0.3464,0.3663,0.0836,-0.5537,-1.0373,-0.7672,-0.5163,-0.1733,1.1358,-0.5819,-0.3589,0.4794,0.2114,-1.0573,-0.5669,0.4734,0.171,-0.3377,1.417,1.6088,-2.5084,1.0987,1.437,1.2351,1.0062,1.0049,-1.884,0.0317,0.5177,1.0345,1.124,0.0867,-0.8496,-0.3357,-1.1527,-0.3355,-0.72,-0.1136,-0.0919,0.1906,-1.6547,2.016,0.6798,-2.3656,-0.0428,-0.2758,-0.9219,-1.4116,-0.4027,0.7688,0.4138,0.5365,-0.4267,0.1833,-1.1883,0.7005,0.5233,1.514,0.7325,0.9346,1.8656
0.6582,1.3539,-0.8058,-1.5204,0.4171,-1.249,-0.502,-0.3742,-1.1548,1.3635,0.7523,-1.516,0.0372,0.8217,-0.6908,1.0981,-1.6824,-0.2158,0.8014,0.3868,0.582,-0.3428,2.2008,-0.0908,0.0934,-0.014,1.4359,-0.7893,-0.6029,0.6756,-0.6685,0.6297,-0.6454,-0.0063,-1.2381,0.9051,-1.3593,0.5646,1.0479,-0.7661,0.517,-0.8425,-1.0266,-1.2353,-0.9064,0.1815,-0.6044,-0.4259,-0.5822,1.0966,1.8688,0.4358,-0.452,1.0738,-0.5866,-1.4041,0.3749,1.0248,-0.7151,-0.2898,0.2305,0.1937,-1.189,0.9248,0.8943,-0.9988,-0.288,-1.9161,0.9747,-0.4823,-0.7402,1.4192,0.11,0.4792,0.1556,-0.3002,-0.2355,0.994,-0.1877,0.6384,-1.2462,0.8004,-0.2923,-0.7199,-0.1137,-1.6971,-1.4042,-1.0569
0.3839,1.3833,0.3835,-0.3326,0.594,0.126,0.0092,1.9636,0.2424,-0.8463,-1.1301,-0.775,-0.9972,-0.4904,-0.3727,0.6786,-0.4657,0.3244,-0.8785,-0.4464,0.9925,-0.2715,-0.5286,0.5989,0.7185,0.5534,-1.2478,-1.2117,0.5964,-0.3697,0.1863,1.6711,-1.3381,0.7926,-1.4904,0.2195,-0.2373,-0.1979,0.2106,1.0324,-1.5404,2.551,-1.9787,0.8301,0.3015,-0.042,0.9999,-1.8585,0.3722,-0.8812,-0.5629,-1.2383,0.3059,0.1027,0.13,-2.2435,-1.6061,0.09,1.0196,-0.7779,-0.226,1.3644,-0.778,-0.4641,0.9371,-0.07,-0.6188,-0.7086,0.1219,-1.3639,-0.0861,0.4365,0.9159,0.3292,-0.6314,-2.0171,1.6806,-0.444,-0.2463,-0.3069,1.9396,0.6187,-1.4526,-0.7702,-1.0191,-1.3751,-0.4328,-0.2671
-1.0856,1.6264,0.3288,-1.8769,-1.0144,0.2838,0.391,-0.4536,-0.5912,-0.7349,1.3369,-1.3252,0.4478,0.1842,1.6265,0.5773,1.3905,0.2775,-0.5979,0.5569,0.1133,0.8829,0.3302,-0.3776,-0.0345,-0.8226,2.0304,-0.6892,-0.3865,-0.2455,-0.0287,-1.2278,0.9551,0.7276,1.1018,0.4482,0.6831,-0.266,1.1858,-0.4779,-0.8922,0.1748,-1.2733,-0.2469,-0.6151,0.051,-0.8129,-0.8527,-0.4305,-0.5834,0.2406,0.4503,-0.474,-2.3233,-0.6142,-1.199,0.3269,1.4035,-1.7316,-1.214,1.436,0.2065,1.4204,0.8264,1.2478,0.223,0.9934,0.6244,-0.7215,-0.7185,0.7415,0.1925,-0.5965,-0.1042,-0.3129,0.1303,-0.1421,-2.1458,-0.9089,0.6578,-0.0989,-0.0299,-0.0308,1.7901,0.9343,0.4576,-0.0034,-0.6538
-1.0136,0.8026,0.7897,0.6843,-0.3814,2.0774,1.3406,-0.9798,0.386,0.3042,0.3273,1.6105,1.422,1.0517,2.0185,-1.3252,-0.5116,0.0077,-1.8517,-0.1456,0.0422,1.9834,-1.7573,-0.7839,1.4719,-0.2827,0.9048,-0.0567,0.8257,-1.6213,0.5731,0.1064,0.2327,1.621,0.9119,-0.332,-2.2861,0.8875,-1.7186,0.4896,-1.9965,-0.2055,-0.308,0.2941,0.0933,-0.3498,0.2958,0.371,-1.3088,0.1987,-0.5089,-1.4235,0.2708,0.2839,-0.8421,1.1896,-0.5995,0.6787,-0.4768,-0.987,0.4319,-1.0511,-0.5811,-0.7463,-0.1938,0.2648,-0.8483,-2.3617,0.9774,0.64,-0.1526,-0.1831,-1.5122,0.9475,-0.2852,1.7649,2.5827,1.9054,0.3193,-0.7412,-0.1081,0.6401,-0.6915,0.1666,-0.6204,0.8702,0.6522,-0.6615
0.5498,-1.327,-0.0329,0.1442,0.3895,-1.2062,0.758,-1.3628,1.4806,-2.3273,1.1345,-0.548,2.7901,0.8956,-1.1141,-0.8144,0.8736,0.4678,1.4869,-0.0544,-0.2073,-0.3333,0.9635,0.5157,0.9594,-1.8023,-0.6849,1.4628,-0.538,0.0778,-1.3454,0.4795,1.1101,-1.4913,0.9059,0.3498,-1.0339,-0.6815,0.5269,0.9474,-0.6492,0.4477,0.0255,1.2152,-1.1402,0.7686,-1.0373,0.8256,0.1743,0.6548,0.602,-0.7172,1.4381,-0.8789,-0.1149,0.8464,1.2088,-0.2811,-0.8014,0.1888,-1.1855,0.4163,0.6524,-2.3638,-0.534,-0.1811,-0.3398,-1.5469,-0.3796,0.1477,0.0814,-0.7442,-0.0598,-0.1918,0.436,-0.203,-1.074,-0.7784,0.4711,0.1154,1.1209,-0.1945,-1.5332,-1.4853,0.445,-2.1896,1.401,-0.6947
0.6917,-0.1009,-0.473,1.6109,-0.5482,-0.1123,-0.3306,-1.8386,0.5697,2.0606,-2.6902,0.4722,1.0654,-1.3981,-0.539,-0.6983,-0.3918,-0.9279,-0.7649,0.6778,-0.6283,0.0827,-1.9387,2.9271,0.4303,-0.4528,0.1387,1.3328,0.3733,-0.2055,-0.629,0.4141,3.1781,0.3115,0.3778,0.5751,0.4905,-1.4077,-1.7898,-0.1267,-0.5227,-0.144,-1.0442,1.0482,-0.4115,1.4738,0.097,0.5653,-0.5884,-0.0487,0.761,0.8296,0.0832,0.0504,0.859,-0.5828,2.1919,1.6097,0.2132,-0.3318,1.2677,0.9341,-0.2328,1.3707,-1.6532,0.0154,-0.1977,-0.8227,-0.3869,-2.0465,0.9029,-0.5761,-1.0895,0.0281,-0.8134,0.548,-0.1682,0.1575,-0.5901,-0.994,-0.5402,-0.1353,-0.4717,0.9195,0.9763,-0.7831,-1.1769,0.0229
0.2012,0.3093,-0.1262,1.7315,-1.1593,-1.111,0.0937,0.2966,-0.153,1.2264,-0.1277,0.4298,-0.1362,-0.4125,-0.4004,-1.4206,-0.1217,0.3363,1.6597,-0.2928,0.3896,-0.3191,-0.5039,0.9866,-0.5778,-1.3606,1.473,-2.0861,-0.2034,1.3407,-0.9406,0.3187,-1.3933,-0.5632,-0.4378,-0.2266,0.4425,-1.1096,-0.8629,0.6057,-0.1834,-0.7897,0.2212,0.1712,0.1229,1.9716,-0.0979,-0.7772,0.2038,1.5352,1.2314,0.3252,-1.5306,-0.9301,1.6612,-0.1745,-1.3134,-0.7366,-1.7408,2.0477,1.7108,0.4076,1.1348,0.3542,0.4381,-0.5394,-0.6891,-1.4122,-1.2111,-0.766,-0.724,1.7211,-0.3643,0.9888,0.1742,-0.0189,1.1506,1.1648,-0.4675,0.5338,-1.4495,-0.3151,0.3746,-0.745,-0.1109,0.2894,0.056,-1.409
-0.7695,0.8944,2.208,2.4472,1.2478,1.3683,1.8057,0.6161,-0.7431,-1.1986,-2.1796,-1.7522,1.3896,-1.0705,0.4316,0.8745,0.1541,-1.2458,-2.3838,-0.4902,2.2437,-1.8957,-0.4395,0.9793,1.0888,0.539,0.4118,1.1201,0.2785,-0.9595,-0.7195,-0.7641,1.2667,0.3708,0.0629,-0.7842,0.4398,-0.0555,-0.859,0.2075,1.5045,-0.8445,-0.0053,1.2305,2.2917,-0.1488,0.8329,-1.114,0.4926,-0.6085,-0.3079,0.7618,-0.0064,-2.3613,2.0343,-0.802,1.5958,0.7859,0.537,-2.276,1.0294,1.092,0.3329,0.0374,-1.6585,0.5943,0.269,0.2968,-0.9792,1.8486,0.634,0.2961,-0.6358,-2.0435,-0.2669,0.0544,-1.4378,1.3065,0.2738,1.9247,-1.3239,-0.1661,-0.469,0.1395,0.744,-1.6685,-0.2926,-0.4236
-0.5113,0.1001,0.4841,-1.0768,-2.5573,-1.6403,0.2707,2.3067,-0.4771,-0.6459,0.4429,-0.6444,-2.0312,0.1809,-1.6632,0.2343,2.0196,-0.4581,-1.8207,1.6983,-1.1653,0.9881,-2.2176,-0.4856,-1.54,2.0594,0.0682,0.9745,-1.514,0.8874,2.171,1.67,-0.6993,0.152,-1.1046,0.5387,0.3622,0.7274,0.8069,-0.2536,1.0254,0.0086,1.0574,-0.1348,1.5296,-0.0153,0.6847,-0.7542,-0.3294,1.1934,0.9175,1.1142,-0.2275,1.1554,-2.2399,-0.6416,-0.4717,-1.2591,0.8427,1.8683,-0.595,0.9331,0.2143,-0.1915,-0.2275,-0.7441,0.308,0.4939,0.3267,-0.3811,-0.1845,-0.9035,-0.6387,0.2579,-0.2751,-2.0514,0.1211,0.1918,-2.1674,0.663,0.8745,1.2873,-1.4558,-0.6721,0.0571,-0.1673,-1.1308,0.7006
0.4083,-0.4871,0.2549,-0.6817,0.273,-0.6858,0.7806,1.3739,-0.1182,1.3112,0.5853,1.5483,-0.441,0.9118,0.037,-0.2246,-0.4568,-1.1784,0.2246,-0.9063,-0.9799,-1.3374,-2.2386,-1.9744,0.2302,0.2004,2.007,-0.8775,0.0403,0.7889,1.1767,1.2659,-0.2555,-0.8012,-0.3091,-1.4684,-0.1328,-1.1777,1.0305,-0.1448,-0.9264,-0.4626,-1.5535,1.967,-1.7655,-1.528,-0.9306,0.0819,0.4575,0.2775,-0.5073,-0.1291,0.4812,-0.2139,-0.7505,-0.9645,-0.5498,0.1427,-0.3545,-0.3077,0.1219,0.9971,1.3554,-0.639,-1.0295,-1.9156,0.3128,0.153,0.6908,-0.3549,0.2539,-0.9986,0.3789,1.4019,-1.7724,1.7157,-1.0632,-0.724,0.7013,0.086,-0.1753,1.5239,-1.5235,-0.4669,0.5486,-0.9052,2.0224,0.0169
-0.4573,-0.2232,0.9942,0.268,-1.0203,0.3933,-1.673,-0.3824,-0.2389,-1.5484,1.0696,0.1488,0.0023,0.3026,1.1339,1.0084,1.5309,2.0127,-0.5578,-1.9047,0.459,-0.1476,-0.5645,0.4911,-0.508,0.6818,-0.1868,0.3202,-1.1125,-0.1387,0.2715,1.1058,-0.7482,0.2128,0.1094,-0.2791,0.0339,1.4722,-0.1246,1.3696,-1.1634,0.8516,-0.2415,-0.5911,-0.4555,-0.4693,0.3832,0.389,0.8401,1.8573,-1.1032,2.1228,0.8559,0.8798,-1.6235,-0.737,-1.4654,0.4745,-0.1352,-0.6361,0.14,-0.7576,5e-04,0.7106,0.9386,0.3316,0.5401,0.9558,-0.1248,-0.1626,-1.1451,0.3038,1.4335,0.0619,1.6229,-1.7449,0.1067,-1.3058,-0.3373,1.3937,0.9628,0.7603,-0.5113,0.3256,-0.0371,0.0769,0.9341,0.9292
-0.2574,0.6278,-1.2704,0.7836,1.6208,-1.2321,0.3322,1.4815,1.0932,0.2889,-0.0867,-0.7455,0.8818,-1.5565,0.9694,-0.8512,0.226,0.2934,1.0565,-0.7995,0.0864,0.6995,0.4018,0.0116,-0.065,0.0409,0.3827,-0.6462,0.2433,-0.1588,-0.2427,0.1567,-1.6126,1.3731,-0.8182,-1.7983,-0.08,1.1003,0.2725,0.2695,1.413,-0.8221,0.7765,0.0704,0.3135,0.134,-0.6066,-0.0959,-1.1616,-0.6409,0.9286,0.9626,1.6342,0.3164,-0.3528,0.1332,0.1705,0.6961,-0.3949,-0.0605,0.0408,-1.2815,-1.5932,0.0195,-0.1413,-1.4634,0.2313,0.6652,-1.1741,1.3026,0.4048,0.2192,-0.3421,-0.4279,0.2724,-0.3645,2.0011,0.2479,0.3321,0.5323,-1.0789,1.8737,-1.6368,0.6149,2.1727,-0.1652,0.9756,-0.8786
0.988,-1.9761,-0.4762,1.9409,-0.3457,1.3057,-0.3221,0.2267,-0.5992,-0.7527,-0.4705,0.4085,0.4185,0.0214,0.4479,-1.1119,-1.2251,0.0743,-1.4378,-1.0779,0.2651,0.2773,-2.6439,0.3787,-0.0305,-0.3392,1.3157,0.0313,-1.4169,-0.4197,0.6332,-0.4554,0.6739,1.9856,-0.3847,0.3293,-1.5198,0.5892,0.6353,-1.0176,-0.9589,0.3678,0.6018,-0.9665,1.8497,-0.4875,-0.1191,-0.7477,-0.1226,-0.05,1.3929,-1.6468,0.9693,0.4502,0.4029,0.7755,-0.0977,-0.1845,-0.3437,0.0277,-0.7458,0.8,1.0573,1.0204,-0.3412,-1.0968,1.3187,-0.4105,-1.1114,0.0367,0.291,-0.4663,0.3181,1.3281,-1.5956,-0.0898,0.8015,-2.0316,0.2887,0.0076,-0.1266,0.6573,0.7716,-0.2635,0.4093,0.8262,-0.8404,-1.9359
0.2279,0.3005,-0.2969,1.647,0.7966,-0.7737,-0.1929,-1.6408,-2.3812,-0.3623,0.5699,0.6229,-0.0194,-0.6691,-0.1832,-0.6307,0.5742,-0.7479,0.7259,-1.0659,-0.5985,1.0788,1.5701,1.1548,0.8473,-0.0919,1.5024,0.1742,-1.7757,0.3938,-0.5131,0.7568,-1.5778,-0.9553,0.1024,-1.2234,1.5456,1.8671,-1.3292,-0.7416,0.5079,1.9483,0.3083,-1.4342,-0.6338,-0.817,-0.2195,-1.4889,0.4471,-1.0249,1.012,0.1712,-0.4264,0.1187,0.2798,1.2783,0.2908,-1.5084,-1.0193,-0.423,-0.4993,-1.9712,-0.4319,0.7979,-0.193,0.8245,-0.0907,0.743,-1.4635,-1.2856,-1.2298,0.3181,1.004,0.7771,1.5265,0.6816,-0.4124,0.5718,0.1432,1.1196,1.0789,0.0317,1.7072,-0.5556,-0.1854,1.1182,-0.0891,0.227
-0.2049,1.0146,-0.0934,0.4382,-0.8286,-0.0578,-1.1301,0.0163,0.5952,-0.4079,-0.8906,0.5442,0.1652,0.259,-0.4026,1.8201,-0.3221,-0.4357,0.5264,-0.213,0.6385,-0.7398,-0.4949,0.5696,-0.0529,0.65,0.1313,1.0571,0.1634,-0.5627,-1.1935,0.1085,0.2543,0.0417,-1.3529,-0.6376,0.0157,-0.0815,0.4958,-0.6757,0.0459,2.0607,-0.1439,0.5737,-0.2351,0.9816,0.9417,1.0704,0.0807,0.2485,1.0172,2.2827,1.3702,0.9822,0.3176,-0.6834,2.9048,-0.168,0.6807,1.3944,-1.1238,-0.3699,1.8934,-0.8575,2.3214,0.6601,0.3839,-0.3783,0.4368,-0.7069,0.588,-0.9741,-0.5565,-0.8053,-0.0935,-0.5519,0.7883,-1.0165,0.9821,-0.3395,-0.2828,-1.1092,0.7051,0.6492,-0.3706,0.5088,1.9104,0.2181
0.3369,-0.7755,0.3107,0.1561,-0.2787,-1.4156,0.0469,-0.7552,0.1667,0.1096,-0.7816,-0.2088,1.6253,-0.1252,-1.8299,-1.2256,0.1739,-0.2191,0.1741,-1.2155,-2.376,0.83,0.1171,0.8345,1.489,-0.4232,-1.5508,-1.4037,0.7597,-0.0674,2.6785,0.4278,-0.0583,-1.2136,-0.4363,-1.0516,-1.0785,2.0762,0.1796,1.7205,0.8861,-0.8783,-1.9336,0.1095,1.8475,0.6229,0.0524,-0.7763,0.7562,0.427,0.4997,0.008,0.1011,-0.2634,0.8915,0.4114,1.276,-0.1911,-1.1722,1.619,2.1927,0.4632,1.067,-1.0604,1.0072,0.9901,-0.8781,0.259,0.3561,1.1089,-0.5548,-1.001,-0.4741,-0.0901,-0.372,-1.2312,0.6685,0.2468,2.7058,-1.0205,1.9247,-0.7737,0.9177,0.0027,3.0958,0.9632,-0.1397,-0.6741
0.2173,0.2949,0.0609,0.8916,-1.6878,1.4225,-0.4058,-0.2819,-0.0577,-0.2842,1.264,-1.4711,0.6413,-1.3853,0.6263,1.2513,0.2589,-0.0865,-0.3028,-1.8253,0.4393,-0.816,0.0468,0.688,0.0147,-0.4145,-0.9994,-0.222,-0.3074,-0.3501,-0.7935,-1.2481,-0.1339,0.0531,-0.2125,0.4791,0.3311,1.5364,-1.7926,0.5866,0.26,-0.5416,0.4132,0.908,-1.4314,-0.3572,1.0417,0.6655,-1.007,0.0481,0.2259,1.1859,-0.9244,-0.1691,-0.1513,-0.8272,-0.991,-0.6691,0.558,-1.0862,-0.0229,0.8447,-0.0702,0.5676,0.1686,-0.2468,-1.5104,-0.1761,-1.3481,1.2021,-0.3621,0.3572,0.2689,1.3963,0.9408,-0.8385,-0.367,0.2444,-1.5933,-0.1533,0.7044,0.6836,-1.7162,0.7385,0.8657,-0.6788,-0.9746,-0.0046
0.5637,0.3123,-0.8915,-1.3342,-1.0483,-1.504,-0.0415,0.623,0.2033,0.5553,-0.8923,0.3855,-0.4571,-0.3812,-0.8508,-1.6705,-0.7019,0.5878,0.2057,0.9254,0.0275,-0.2548,0.358,2.4228,-0.7984,1.6078,0.6914,0.6655,-0.4333,-1.449,-0.8622,0.6851,0.861,0.6827,-0.39,0.3364,-0.3024,-0.1296,-0.6466,-0.7768,0.8881,-0.3668,-0.59,0.8595,-1.0632,-0.4711,1.0485,-0.6829,0.9759,0.9741,0.8355,0.0488,1.939,0.703,0.1904,0.462,-0.027,0.9643,-0.4852,-0.2144,-0.0381,0.633,0.8969,-1.5825,0.1594,-2.0853,0.8543,-0.126,0.2976,-0.6593,0.7419,1.5439,0.5167,-0.4086,-0.6773,-0.0376,1.6152,1.0306,1.5169,-0.213,-0.5167,0.9269,1.1544,-0.3275,-0.1891,-1.1055,-0.703,-0.0336
0.5097,0.8158,-0.4332,0.0404,-0.5832,0.4213,-0.0556,-0.181,-0.4311,-0.8904,-0.1284,-1.3689,-0.0923,-1.1976,-0.4461,0.3503,-0.2029,0.6681,-0.5712,-0.1583,0.9635,-0.2895,-0.1584,-0.3145,-2.0341,-0.4595,1.0106,-0.3293,-0.77,1.4332,0.681,-1.6598,0.171,0.1955,0.2912,-0.5947,-0.5475,0.4132,-0.4574,1.2144,1.9919,-0.3015,0.1838,0.359,0.681,0.1206,0.9706,1.6807,-0.1618,-0.4695,-0.3049,1.2144,-0.3502,1.6747,-0.9804,-1.0517,1.1652,-0.1993,-0.1453,0.7256,-0.2089,-0.191,-0.1858,-0.5265,-0.5371,-1.1504,1.1385,1.1595,-0.2542,-1.1143,0.028,0.4068,1.3636,0.3788,1.3809,-0.2115,0.7793,0.3957,0.7138,0.9775,1.0048,-2.4202,0.2863,0.6565,0.2825,-0.1065,1.3042,-0.2017
1.085,-1.0808,-0.4294,0.4916,-1.0021,-0.2669,-0.8431,1.1894,1.1396,-0.0197,-0.9304,0.4811,-1.0147,0.3906,-0.5579,0.5817,-0.6029,-0.1962,-0.7846,-1.0171,-0.3147,-0.6492,-0.4602,0.664,0.1846,-0.1828,-0.0734,-0.8958,-1.5514,-0.4471,1.6768,-2.2306,0.5358,-1.3722,-1.8811,1.2196,-0.1332,0.3912,0.3111,-0.3652,-0.6816,2.1178,0.6607,-0.2402,0.8196,0.1302,1.4572,1.5625,-1.2582,-1.3243,-0.8032,-1.0791,1.0662,-1.3873,-0.7052,0.9523,-1.2147,-1.0424,-0.8678,-1.6722,-0.2888,-1.1787,-0.9306,0.618,0.2442,0.8135,0.3457,1.1539,0.7104,0.8382,0.334,-0.8739,0.3803,-1.0924,0.1175,0.0464,-1.2832,-1.3111,0.9449,0.2477,-1.113,0.3689,-1.0138,0.6125,-1.8966,-0.3767,0.2708,1.0336
0.6167,0.8409,-1.6504,-0.9041,-0.9993,1.1388,-0.6181,0.8444,-0.5642,-0.9062,0.6852,0.745,-0.1356,1.8469,1.0606,2.0095,-1.4681,-1.0364,1.0444,-0.4589,-2.1922,0.5794,1.1036,0.8594,0.6984,0.4018,2.6629,0.207,-1.0486,-1.2698,-0.8848,0.4769,-0.0162,-0.8054,-0.4708,-2.0229,0.3057,0.0678,0.2533,0.091,-0.8265,-0.2627,-1.4117,0.3968,1.1386,-0.8906,0.1882,1.936,-0.5345,0.8815,-1.2477,-0.5233,-1.1592,0.1139,-0.0867,0.7373,0.0213,-1.4858,0.1714,1.9411,0.1682,-0.088,-0.1777,-1.7681,-1.3145,0.2861,-0.1844,-0.0867,1.5747,-1.4562,-0.2174,-0.953,0.6976,-1.8036,-0.2271,-0.2221,-0.9995,-1.2946,-0.5046,1.182,2.3611,0.7348,-1.3668,0.3067,0.5007,-0.66,-0.1137,-1.8615
